user_id,product_id,count
911,P1,9
821,P1,3
118,P1,5
158,P1,9
399,P1,6
717,P1,9
624,P1,7
322,P1,3
921,P1,7
244,P1,1
929,P1,5
25,P1,4
605,P1,6
70,P1,9
60,P1,3
945,P1,4
339,P1,6
619,P1,3
982,P1,8
870,P1,8
99,P1,2
584,P1,5
976,P1,3
988,P1,8
689,P1,5
86,P1,4
409,P1,3
869,P1,8
258,P1,4
667,P1,8
82,P1,4
855,P1,9
523,P1,1
741,P1,3
791,P1,7
742,P1,8
906,P1,8
143,P1,8
425,P1,5
300,P1,8
958,P1,7
111,P1,3
142,P1,1
376,P1,9
260,P1,2
8,P1,3
134,P1,7
42,P1,2
151,P1,8
263,P1,3
559,P1,2
138,P1,8
180,P1,2
484,P1,6
897,P1,5
565,P1,9
455,P1,1
273,P1,6
551,P1,6
384,P1,4
558,P1,4
583,P1,3
56,P1,5
69,P1,4
265,P1,8
300,P1,4
454,P1,1
912,P1,3
306,P1,9
59,P1,3
825,P1,1
157,P1,4
758,P1,2
362,P1,5
995,P1,1
208,P1,7
799,P1,6
815,P1,2
366,P1,5
529,P1,8
834,P1,2
42,P1,2
450,P1,5
230,P1,5
343,P1,1
802,P1,6
423,P1,4
667,P1,4
526,P1,2
735,P1,3
456,P1,6
265,P1,2
354,P1,4
286,P1,9
3,P1,1
204,P1,3
144,P1,1
867,P1,6
931,P1,8
80,P1,5
72,P1,1
337,P1,2
580,P1,2
422,P1,4
923,P1,7
478,P1,3
803,P1,6
762,P1,8
929,P1,7
578,P1,7
435,P1,1
94,P1,2
822,P1,6
267,P1,2
483,P1,1
364,P1,7
660,P1,1
172,P1,9
802,P1,6
517,P1,1
11,P1,6
716,P1,8
930,P1,7
311,P1,2
864,P1,8
494,P1,3
784,P1,7
913,P1,4
595,P1,4
209,P1,3
579,P1,5
570,P1,4
83,P1,9
7,P1,5
738,P1,2
114,P1,2
907,P1,8
135,P1,4
842,P1,5
403,P1,9
933,P1,1
120,P1,8
275,P1,2
303,P1,2
941,P1,8
813,P1,8
121,P1,6
864,P1,2
475,P1,4
589,P1,7
627,P1,4
977,P1,6
435,P1,2
961,P1,9
414,P1,4
54,P1,3
269,P1,2
220,P1,4
221,P1,8
180,P1,4
646,P1,9
117,P1,5
918,P1,3
268,P1,6
669,P1,6
16,P1,8
283,P1,6
9,P1,3
46,P1,7
998,P1,4
794,P1,6
389,P1,9
488,P1,8
982,P1,9
595,P1,6
501,P1,7
888,P1,9
765,P1,4
362,P1,6
302,P1,6
179,P1,8
80,P1,3
821,P1,2
506,P1,7
449,P1,4
526,P1,1
502,P1,2
916,P1,8
788,P1,8
253,P1,7
974,P1,1
335,P1,8
868,P1,6
582,P1,2
58,P1,8
467,P1,2
236,P1,9
877,P1,2
313,P1,9
671,P1,6
96,P1,7
426,P1,1
511,P1,6
766,P1,6
232,P1,8
584,P1,8
669,P1,2
55,P1,1
968,P1,7
475,P1,9
291,P1,7
871,P1,8
841,P1,7
676,P1,5
490,P1,3
516,P1,9
966,P1,7
886,P1,3
142,P1,7
908,P1,4
178,P1,4
910,P1,9
645,P1,8
534,P1,7
320,P1,1
5,P1,4
345,P1,3
561,P1,6
45,P1,6
120,P1,7
320,P1,1
51,P1,6
518,P1,9
820,P1,7
497,P1,3
150,P1,5
536,P1,6
632,P1,4
629,P1,5
494,P1,6
107,P1,1
872,P1,2
487,P1,2
573,P1,9
264,P1,5
115,P1,9
359,P1,9
380,P1,9
419,P1,5
115,P1,4
3,P1,7
873,P1,4
321,P1,7
588,P1,9
68,P1,3
611,P1,5
629,P1,6
623,P1,9
651,P1,5
639,P1,8
666,P1,6
406,P1,1
869,P1,6
814,P1,2
621,P1,8
20,P1,7
253,P1,8
908,P1,9
401,P1,7
619,P1,6
47,P1,8
316,P1,4
216,P1,1
910,P1,7
37,P1,5
252,P1,5
923,P1,9
749,P1,6
711,P1,2
869,P1,1
228,P1,6
595,P1,8
753,P1,7
877,P1,3
750,P1,1
172,P1,5
559,P1,9
592,P1,3
330,P1,3
450,P1,5
989,P1,2
382,P1,3
757,P1,2
668,P1,7
807,P1,7
845,P1,2
899,P1,1
435,P1,3
977,P1,8
349,P1,8
48,P1,3
922,P1,3
148,P1,7
289,P1,3
142,P1,2
583,P1,1
449,P1,5
838,P1,8
791,P1,1
236,P1,3
682,P1,2
88,P1,6
20,P1,7
966,P1,3
584,P1,4
807,P1,1
665,P1,3
692,P1,3
743,P1,5
666,P1,7
610,P1,8
830,P1,7
65,P1,8
749,P1,5
353,P1,1
55,P1,9
661,P1,5
752,P1,8
984,P1,1
334,P1,3
48,P1,1
757,P1,6
568,P1,7
151,P1,8
706,P1,3
323,P1,7
440,P1,4
55,P1,7
387,P1,8
509,P1,3
551,P1,3
658,P1,3
951,P1,3
721,P1,2
240,P1,9
163,P1,8
757,P1,2
674,P1,6
894,P1,8
949,P1,3
580,P1,4
695,P1,4
754,P1,7
534,P1,6
475,P1,7
372,P1,4
661,P1,5
514,P1,9
27,P1,4
76,P1,4
83,P1,1
432,P1,7
345,P1,8
903,P1,8
356,P1,4
3,P1,7
378,P1,1
933,P1,7
695,P1,1
219,P1,5
852,P1,2
861,P1,4
26,P1,9
199,P1,8
261,P1,3
794,P1,2
754,P1,9
767,P1,1
268,P1,5
393,P1,3
532,P1,5
680,P1,1
717,P1,7
347,P1,9
236,P1,2
935,P1,3
932,P1,3
157,P1,1
375,P1,2
221,P1,3
835,P1,6
447,P1,9
431,P1,2
861,P1,8
335,P1,7
469,P1,7
629,P1,4
162,P1,4
238,P1,1
211,P1,5
383,P1,6
402,P1,7
874,P1,4
630,P1,4
625,P1,8
607,P1,1
932,P1,3
295,P1,1
788,P1,8
152,P1,3
419,P1,9
294,P1,2
604,P1,3
843,P1,4
763,P1,6
421,P1,6
517,P1,4
6,P1,5
731,P1,8
365,P1,6
921,P1,7
604,P1,4
234,P1,8
936,P1,4
612,P1,8
507,P1,5
521,P1,8
73,P1,6
454,P1,1
580,P1,7
931,P1,6
593,P1,4
751,P1,6
940,P1,3
909,P1,1
987,P1,4
537,P1,2
168,P1,4
627,P1,1
521,P1,4
227,P1,8
199,P1,1
288,P1,2
652,P1,9
62,P1,7
655,P1,1
800,P1,2
927,P1,3
538,P1,3
957,P1,2
895,P1,7
156,P1,2
201,P1,5
731,P1,4
914,P1,3
490,P1,7
847,P1,3
386,P1,5
516,P1,8
694,P1,7
420,P1,5
354,P1,2
834,P1,2
622,P1,1
672,P1,3
616,P1,6
890,P1,9
559,P1,2
129,P1,3
685,P1,3
108,P1,9
56,P1,1
964,P1,7
407,P1,9
478,P1,9
120,P1,6
24,P1,2
222,P1,8
290,P1,9
160,P1,8
506,P1,5
714,P1,1
536,P1,8
362,P1,9
530,P1,4
515,P1,8
939,P1,4
877,P1,8
145,P1,7
544,P1,2
61,P1,4
284,P1,3
687,P1,3
546,P1,3
173,P1,4
342,P1,9
562,P1,9
451,P1,4
392,P1,2
317,P1,8
106,P1,1
543,P1,5
338,P1,1
141,P1,1
913,P1,6
277,P1,7
57,P1,9
723,P1,9
224,P1,9
437,P1,7
894,P1,4
358,P1,7
116,P1,5
392,P1,4
274,P1,7
957,P1,6
686,P1,9
806,P1,6
177,P1,8
639,P1,5
568,P1,9
223,P1,5
853,P1,7
792,P1,8
723,P1,1
634,P1,7
656,P1,8
772,P1,3
886,P1,5
468,P1,9
67,P1,9
581,P1,8
786,P1,8
586,P1,5
395,P1,3
840,P1,6
208,P1,6
780,P1,8
728,P1,5
554,P1,5
414,P1,9
20,P1,8
746,P1,1
50,P1,9
832,P1,8
525,P1,6
571,P1,3
262,P1,4
938,P1,7
474,P1,5
286,P1,3
420,P1,5
528,P1,3
350,P1,4
532,P1,9
211,P1,1
701,P1,4
466,P1,4
213,P1,7
362,P1,4
306,P1,5
688,P1,4
291,P1,1
34,P1,1
84,P1,3
874,P1,7
789,P1,5
372,P1,5
415,P1,3
809,P1,6
939,P1,2
923,P1,7
853,P1,5
98,P1,2
452,P1,5
221,P1,3
985,P1,5
444,P1,9
821,P1,4
507,P1,4
806,P1,1
987,P1,1
278,P1,9
819,P1,3
570,P1,1
135,P1,7
660,P1,3
287,P1,3
294,P1,9
422,P1,9
438,P1,5
369,P1,7
390,P1,9
915,P1,1
683,P1,6
514,P1,8
757,P1,5
453,P1,1
382,P1,4
665,P1,2
557,P1,5
98,P1,2
662,P1,7
408,P1,9
872,P1,4
203,P1,6
241,P1,7
3,P1,1
802,P1,5
131,P1,1
977,P1,6
414,P1,2
264,P1,3
814,P1,3
838,P1,1
798,P1,6
221,P1,7
930,P1,8
412,P1,5
411,P1,5
974,P1,4
952,P1,2
882,P1,6
164,P1,5
749,P1,3
325,P1,1
790,P1,7
864,P1,9
193,P1,1
929,P1,4
326,P1,2
141,P1,2
389,P1,4
492,P1,6
542,P1,5
94,P1,2
332,P1,9
99,P1,3
217,P1,8
698,P1,4
154,P1,3
352,P1,6
481,P1,5
752,P1,6
54,P1,9
401,P1,3
799,P1,2
791,P1,4
681,P1,2
563,P1,8
523,P1,4
304,P1,8
817,P1,2
525,P1,9
894,P1,4
707,P1,1
950,P1,7
613,P1,8
18,P1,5
83,P1,5
5,P1,1
244,P1,3
993,P1,4
73,P1,2
811,P1,2
381,P1,5
464,P1,5
634,P1,6
690,P1,8
273,P1,5
912,P1,8
179,P1,7
656,P1,9
990,P1,7
287,P1,2
725,P1,6
394,P1,6
548,P1,6
321,P1,1
388,P1,9
394,P1,9
385,P1,8
423,P1,9
203,P1,4
684,P1,1
334,P1,6
965,P1,7
36,P1,4
472,P1,3
664,P1,3
17,P1,9
255,P1,9
882,P1,1
85,P1,5
596,P1,7
122,P1,2
123,P1,4
115,P1,9
495,P1,6
384,P1,7
904,P1,4
36,P1,8
314,P1,3
757,P1,2
311,P1,2
630,P1,6
594,P1,5
550,P1,8
781,P1,8
678,P1,5
347,P1,9
48,P1,7
232,P1,7
604,P1,7
701,P1,2
560,P1,9
570,P1,1
229,P1,1
345,P1,5
85,P1,2
402,P1,9
697,P1,2
29,P1,1
494,P1,8
916,P1,2
894,P1,2
427,P1,2
493,P1,4
843,P1,6
571,P1,9
796,P1,1
495,P1,9
222,P1,6
491,P1,7
949,P1,6
434,P1,1
155,P1,4
427,P1,4
488,P1,2
134,P1,2
609,P1,7
947,P1,1
350,P1,1
245,P1,2
601,P1,5
586,P1,2
605,P1,4
942,P1,1
726,P1,2
890,P1,9
960,P1,4
964,P1,3
84,P1,5
289,P1,6
799,P1,2
351,P1,6
151,P1,1
67,P1,2
659,P1,3
966,P1,3
810,P1,3
37,P1,3
502,P1,3
475,P1,1
928,P1,4
340,P1,2
760,P1,6
732,P1,6
582,P1,8
594,P1,1
66,P1,2
594,P1,7
228,P1,4
188,P1,1
861,P1,4
741,P1,3
764,P1,1
885,P1,7
272,P1,5
197,P1,3
254,P1,7
26,P1,3
778,P1,1
677,P1,6
741,P1,5
953,P1,8
178,P1,1
706,P1,1
729,P1,9
514,P1,7
960,P1,6
533,P1,8
48,P1,9
198,P1,5
686,P1,4
158,P1,3
245,P1,7
992,P1,4
474,P1,5
209,P1,7
32,P1,7
973,P1,8
528,P1,6
700,P1,1
599,P1,2
295,P1,4
806,P1,1
682,P1,5
742,P1,8
368,P1,2
352,P1,1
129,P1,5
902,P1,9
635,P1,4
916,P1,7
732,P1,3
974,P1,7
560,P1,8
765,P1,1
319,P1,8
5,P1,4
184,P1,9
694,P1,4
620,P1,9
820,P1,5
981,P1,2
666,P1,6
231,P1,1
136,P1,4
152,P1,7
426,P1,9
567,P1,4
188,P1,1
784,P1,1
595,P1,2
763,P1,2
949,P1,5
566,P1,3
845,P1,5
238,P1,8
309,P1,4
594,P1,6
452,P1,4
25,P1,1
505,P1,7
504,P1,1
807,P1,4
774,P1,2
362,P1,6
309,P1,6
989,P1,1
799,P1,6
935,P1,3
939,P1,2
712,P1,2
599,P1,6
228,P1,9
586,P1,8
4,P1,5
343,P1,8
749,P1,9
903,P1,5
110,P1,4
303,P1,9
142,P1,9
634,P1,1
960,P1,9
215,P1,5
986,P1,1
140,P1,2
22,P1,5
406,P1,3
505,P1,2
254,P1,7
874,P1,5
757,P1,5
49,P1,4
195,P1,5
778,P1,9
987,P1,8
120,P1,2
868,P1,2
947,P1,3
422,P1,6
481,P1,4
201,P1,7
307,P1,1
674,P1,4
406,P1,7
802,P1,2
69,P1,9
116,P1,3
925,P1,9
351,P1,1
239,P1,8
340,P1,4
229,P1,8
352,P1,5
618,P1,9
184,P1,7
324,P1,5
74,P1,9
432,P1,4
708,P1,8
965,P1,3
355,P1,1
74,P1,8
383,P1,2
636,P1,7
465,P1,8
136,P1,6
764,P1,8
75,P1,8
790,P1,7
796,P1,2
707,P1,2
604,P1,7
646,P1,7
636,P1,5
236,P1,8
424,P1,9
425,P1,2
636,P1,6
839,P1,3
637,P1,7
497,P1,3
882,P1,1
766,P1,1
749,P1,5
550,P1,2
699,P1,5
95,P1,5
778,P1,4
197,P1,1
225,P1,6
133,P1,7
258,P1,5
637,P1,3
669,P1,9
999,P1,6
518,P1,9
181,P1,2
205,P1,4
163,P1,9
380,P1,8
713,P1,9
648,P1,3
891,P1,3
931,P1,5
477,P1,6
679,P1,2
365,P1,3
36,P1,6
168,P1,7
282,P1,8
41,P1,7
289,P1,5
487,P1,6
316,P1,5
552,P1,8
953,P1,1
458,P1,2
233,P1,7
465,P1,8
39,P1,3
662,P1,2
100,P1,2
171,P1,8
276,P1,9
453,P1,8
776,P1,9
339,P1,3
543,P1,4
429,P1,1
790,P1,3
445,P1,9
964,P1,2
664,P1,8
485,P1,2
412,P1,4
365,P1,4
959,P1,1
442,P1,6
920,P1,3
277,P1,2
63,P1,1
812,P1,8
931,P1,8
313,P1,6
817,P1,9
820,P1,9
16,P1,1
162,P1,5
753,P1,2
293,P1,5
977,P1,4
905,P1,7
183,P1,2
93,P1,1
176,P1,9
898,P1,2
439,P1,7
133,P1,6
539,P1,2
716,P1,7
393,P1,6
819,P1,1
569,P1,1
654,P1,4
4,P1,2
167,P1,5
648,P1,4
314,P1,7
911,P1,6
275,P1,9
341,P1,8
875,P1,2
653,P1,5
775,P1,1
772,P1,1
382,P1,6
497,P1,5
163,P1,4
953,P1,6
277,P1,3
668,P1,4
128,P1,4
237,P1,6
812,P1,5
640,P1,8
488,P1,6
217,P1,8
761,P1,1
887,P1,4
925,P1,5
90,P1,4
380,P1,2
971,P1,1
673,P1,2
718,P1,6
324,P1,3
680,P1,6
704,P1,2
520,P1,3
901,P1,2
372,P1,3
344,P1,1
196,P1,1
568,P1,2
358,P1,5
486,P1,3
948,P1,1
29,P1,1
533,P1,6
676,P1,8
919,P1,6
1,P1,3
995,P1,7
142,P1,3
346,P1,4
751,P1,4
301,P1,5
520,P1,6
962,P1,6
948,P1,3
269,P1,2
396,P1,5
488,P1,2
956,P1,6
417,P1,6
499,P1,2
974,P1,7
802,P1,1
130,P1,1
185,P1,3
558,P1,7
568,P1,4
13,P1,2
241,P1,8
130,P1,7
130,P1,3
484,P1,6
498,P1,8
517,P1,1
44,P1,1
363,P1,6
222,P1,5
938,P1,8
159,P1,2
311,P1,6
512,P1,3
478,P1,9
853,P1,5
477,P1,5
145,P1,7
463,P1,6
994,P1,7
887,P1,7
566,P1,7
107,P1,6
636,P1,1
82,P1,8
832,P1,8
991,P1,2
36,P1,5
482,P1,3
761,P1,5
200,P1,2
954,P1,7
266,P1,5
512,P1,7
729,P1,7
772,P1,7
630,P1,1
558,P1,1
496,P1,1
58,P1,5
729,P1,5
927,P1,3
808,P1,1
570,P1,7
829,P1,3
398,P1,1
929,P1,4
822,P1,6
449,P1,8
714,P1,7
940,P1,2
730,P1,8
286,P1,9
764,P1,7
187,P1,7
805,P1,7
491,P1,7
108,P1,1
543,P1,6
993,P1,8
8,P1,7
587,P1,1
111,P1,8
79,P1,5
631,P1,3
129,P1,8
169,P1,7
205,P1,8
14,P1,8
873,P1,6
124,P1,9
510,P1,6
53,P1,8
569,P1,4
98,P1,8
971,P1,4
863,P1,7
538,P1,8
199,P1,5
328,P1,2
482,P1,8
816,P1,5
606,P1,3
17,P1,3
634,P1,5
957,P1,2
406,P1,8
108,P1,4
327,P1,4
956,P1,5
775,P1,2
149,P1,2
588,P1,6
113,P1,6
739,P1,8
903,P1,1
322,P1,5
606,P1,2
139,P1,5
237,P1,9
425,P1,4
403,P1,6
55,P1,5
899,P1,8
618,P1,5
495,P1,8
219,P1,6
848,P1,6
80,P1,8
112,P1,4
923,P1,6
917,P1,6
154,P1,8
784,P1,4
591,P1,1
65,P1,2
888,P1,7
295,P1,9
261,P1,9
603,P1,3
728,P1,1
439,P1,9
865,P1,8
272,P1,6
714,P1,3
139,P1,6
211,P1,6
199,P1,9
352,P1,3
637,P1,1
544,P1,8
417,P1,4
914,P1,4
656,P1,5
702,P1,3
297,P1,4
920,P1,9
455,P1,9
428,P1,3
412,P1,4
702,P1,1
195,P1,5
527,P1,6
958,P1,9
626,P1,1
451,P1,8
948,P1,3
537,P1,4
768,P1,6
615,P1,1
415,P1,1
364,P1,8
535,P1,5
701,P1,7
350,P1,9
186,P1,5
67,P1,6
656,P1,3
712,P1,9
120,P1,7
964,P1,5
326,P1,4
858,P1,3
296,P1,6
495,P1,2
814,P1,6
360,P1,2
71,P1,8
752,P1,9
762,P1,2
6,P1,9
289,P1,6
588,P1,9
279,P1,5
57,P1,6
563,P1,4
306,P1,2
25,P1,2
958,P1,1
802,P1,9
494,P1,6
763,P1,9
519,P1,4
1,P1,2
781,P1,8
99,P1,7
744,P1,4
991,P1,5
967,P1,4
844,P1,7
345,P1,5
989,P1,9
262,P1,3
206,P1,9
940,P1,7
633,P1,6
900,P1,2
606,P1,7
911,P1,3
734,P1,6
799,P1,8
554,P1,8
692,P1,7
696,P1,5
277,P1,7
933,P1,3
826,P1,4
456,P1,3
471,P1,9
22,P1,5
580,P1,7
619,P1,2
326,P1,4
243,P1,6
540,P1,1
735,P1,4
371,P1,2
497,P1,3
238,P1,1
195,P1,1
27,P1,1
673,P1,7
543,P1,9
277,P1,2
843,P1,5
947,P1,7
678,P1,4
248,P1,1
268,P1,3
271,P1,5
942,P1,9
830,P1,5
576,P1,8
363,P1,6
339,P1,3
863,P1,2
341,P1,4
920,P1,5
716,P1,2
177,P1,5
861,P1,8
106,P1,2
894,P1,6
185,P1,3
795,P1,6
558,P1,6
269,P1,6
358,P1,6
662,P1,8
525,P1,3
25,P1,1
407,P1,2
556,P1,2
63,P1,4
207,P1,1
30,P1,7
366,P1,1
298,P1,4
741,P1,3
37,P1,3
1,P1,1
938,P1,1
316,P1,2
812,P1,6
599,P1,6
175,P1,5
708,P1,6
459,P1,7
145,P1,6
893,P1,1
864,P1,4
350,P1,4
748,P1,2
943,P1,5
623,P1,9
174,P1,2
539,P1,2
875,P1,2
990,P1,5
948,P1,9
116,P1,9
426,P1,1
660,P1,9
539,P1,4
376,P1,1
234,P1,8
749,P1,2
636,P1,9
890,P1,9
242,P1,2
926,P1,8
576,P1,1
553,P1,3
206,P1,5
594,P1,8
185,P1,3
995,P1,2
443,P1,1
682,P1,6
269,P1,2
338,P1,3
217,P1,7
817,P1,9
751,P1,2
583,P1,1
15,P1,1
123,P1,3
545,P1,4
211,P1,5
51,P1,9
689,P1,1
149,P1,8
252,P1,4
255,P1,9
369,P1,5
218,P1,4
966,P1,9
343,P1,8
391,P1,5
501,P1,4
910,P1,4
986,P1,6
52,P1,6
783,P1,3
319,P1,7
511,P1,8
485,P1,5
533,P1,1
206,P1,1
473,P1,2
95,P1,3
717,P1,3
700,P1,5
639,P1,8
84,P1,4
713,P1,7
721,P1,4
49,P1,5
74,P1,6
959,P1,9
941,P1,7
744,P1,4
593,P1,7
633,P1,6
410,P1,3
690,P1,3
726,P1,1
353,P1,5
423,P1,2
959,P1,1
737,P1,8
180,P1,6
850,P1,8
575,P1,1
961,P1,1
655,P1,2
68,P1,1
331,P1,6
453,P1,4
703,P1,1
438,P1,3
629,P1,6
260,P1,6
593,P1,4
618,P1,6
791,P1,6
778,P1,8
185,P1,8
722,P1,9
573,P1,5
241,P1,5
284,P1,3
510,P1,1
686,P1,1
537,P1,6
589,P1,6
739,P1,7
181,P1,9
514,P1,2
179,P1,3
233,P1,1
198,P1,5
890,P1,1
376,P1,9
11,P1,9
320,P1,4
26,P1,2
27,P1,1
447,P1,7
740,P1,1
687,P1,2
694,P1,2
869,P1,7
723,P1,2
231,P1,4
351,P1,7
367,P1,7
273,P1,2
456,P1,7
962,P1,2
808,P1,7
190,P1,2
624,P1,4
876,P1,3
970,P1,7
72,P1,8
437,P1,4
508,P1,6
761,P1,3
16,P1,4
834,P1,1
165,P1,9
126,P1,9
812,P1,5
582,P1,1
563,P1,1
31,P1,7
637,P1,3
230,P1,8
300,P1,1
912,P1,8
266,P1,2
485,P1,7
353,P1,1
42,P1,5
655,P1,3
998,P1,6
896,P1,2
177,P1,9
149,P1,3
17,P1,6
874,P1,1
180,P1,8
601,P1,1
334,P1,1
961,P1,5
31,P1,5
860,P1,8
501,P1,4
266,P1,4
240,P1,6
611,P1,7
249,P1,9
26,P1,5
34,P1,8
970,P1,7
136,P1,3
610,P1,3
655,P1,6
276,P1,1
77,P1,1
538,P1,7
791,P1,7
649,P1,8
805,P1,7
889,P1,3
727,P1,4
123,P1,5
186,P1,9
937,P1,1
216,P1,6
86,P1,3
332,P1,4
619,P1,8
110,P1,3
51,P1,4
898,P1,7
933,P1,9
37,P1,8
292,P1,2
640,P1,9
538,P1,2
350,P1,6
450,P1,8
521,P1,1
830,P1,7
258,P1,4
894,P1,8
29,P1,8
236,P1,3
948,P1,5
596,P1,9
291,P1,1
884,P1,7
97,P1,1
808,P1,5
840,P1,5
762,P1,4
281,P1,9
171,P1,4
78,P1,8
551,P1,6
43,P1,1
18,P1,1
210,P1,2
297,P1,8
361,P1,4
944,P1,2
742,P1,4
709,P1,7
459,P1,8
562,P1,7
83,P1,5
615,P1,2
831,P1,8
268,P1,4
636,P1,3
309,P1,2
598,P1,4
772,P1,3
701,P1,9
957,P1,1
6,P1,3
138,P1,4
572,P1,9
49,P1,3
251,P1,7
672,P1,1
410,P1,3
25,P1,5
771,P1,1
80,P1,4
768,P1,3
283,P1,6
112,P1,3
241,P1,2
121,P1,1
20,P1,5
259,P1,2
736,P1,4
669,P1,9
409,P1,1
955,P1,5
274,P1,6
422,P1,7
842,P1,7
432,P1,2
188,P1,2
186,P1,8
404,P1,9
459,P1,6
479,P1,7
661,P1,5
136,P1,8
284,P1,3
896,P1,5
127,P1,1
262,P1,9
299,P1,6
49,P1,9
568,P1,8
7,P1,2
783,P1,2
325,P1,7
649,P1,8
630,P1,4
419,P1,7
451,P1,6
222,P1,5
937,P1,5
620,P1,9
989,P1,6
347,P1,1
160,P1,6
930,P1,8
351,P1,3
510,P1,6
694,P1,6
526,P1,5
563,P1,3
827,P1,2
850,P1,3
29,P1,9
760,P1,5
408,P1,4
294,P1,6
369,P1,9
549,P1,2
945,P1,5
783,P1,3
556,P1,5
220,P1,6
300,P1,5
152,P1,2
538,P1,3
595,P1,3
698,P1,8
190,P1,5
195,P1,5
617,P1,6
315,P1,9
345,P1,9
904,P1,9
213,P1,5
515,P1,3
275,P1,3
349,P1,2
86,P1,2
354,P1,2
890,P1,1
446,P1,1
980,P1,1
69,P1,2
309,P1,2
429,P1,6
567,P1,6
958,P1,5
557,P1,4
87,P1,9
953,P1,5
823,P1,8
604,P1,8
560,P1,8
573,P1,6
438,P1,6
624,P1,8
903,P1,2
787,P1,7
993,P1,7
982,P1,4
284,P1,8
359,P1,4
595,P1,8
738,P1,1
227,P1,6
327,P1,9
754,P1,4
274,P1,9
641,P1,1
318,P1,4
691,P1,4
280,P1,8
348,P1,2
473,P1,1
377,P1,9
653,P1,2
60,P1,6
723,P1,5
722,P1,2
132,P1,3
461,P1,3
578,P1,1
198,P1,8
391,P1,9
272,P1,2
562,P1,4
573,P1,1
977,P1,8
517,P1,6
720,P1,2
122,P1,8
341,P1,4
504,P1,3
271,P1,6
917,P1,3
4,P1,7
318,P1,2
463,P1,8
954,P1,2
459,P1,5
95,P1,1
844,P1,2
752,P1,8
876,P1,3
407,P1,2
204,P1,3
863,P1,5
326,P1,3
419,P1,7
670,P1,8
695,P1,3
874,P1,8
617,P1,8
969,P1,3
591,P1,7
980,P1,1
274,P1,5
39,P1,1
142,P1,5
885,P1,4
625,P1,2
963,P1,7
359,P1,7
90,P1,3
314,P1,3
1,P1,7
303,P1,9
333,P1,5
380,P1,3
545,P1,9
452,P1,3
844,P1,6
968,P1,8
658,P1,4
762,P1,4
245,P1,7
732,P1,1
875,P1,1
112,P1,3
809,P1,5
894,P1,9
425,P1,8
544,P1,3
793,P1,6
711,P1,9
884,P1,3
937,P1,3
191,P1,3
814,P1,9
398,P1,9
906,P1,9
92,P1,3
531,P1,4
56,P1,2
65,P1,7
558,P1,8
485,P1,3
677,P1,2
446,P1,1
800,P1,5
929,P1,2
703,P1,3
751,P1,3
469,P1,8
160,P1,5
175,P1,1
868,P1,4
930,P1,5
446,P1,2
580,P1,9
908,P1,1
718,P1,1
822,P1,4
376,P1,6
817,P1,5
118,P1,5
17,P1,2
678,P1,3
386,P1,6
706,P1,2
578,P1,7
359,P1,8
744,P1,9
209,P1,5
562,P1,4
497,P1,4
820,P1,8
976,P1,2
776,P1,8
503,P1,2
935,P1,1
793,P1,1
857,P1,6
261,P1,7
736,P1,1
736,P1,1
554,P1,9
21,P1,7
887,P1,5
716,P1,4
582,P1,9
997,P1,8
179,P1,8
702,P1,5
446,P1,7
937,P1,1
604,P1,9
440,P1,5
297,P1,3
122,P1,8
997,P1,4
110,P1,1
88,P1,3
715,P1,4
173,P1,1
970,P1,1
867,P1,2
373,P1,6
266,P1,1
254,P1,9
562,P1,8
603,P1,3
949,P1,6
88,P1,8
959,P1,4
554,P1,6
534,P1,6
870,P1,7
138,P1,5
718,P1,4
481,P1,2
543,P1,4
556,P1,2
518,P1,9
685,P1,7
160,P1,6
949,P1,4
655,P1,4
579,P1,4
327,P1,4
685,P1,2
125,P1,7
288,P1,2
516,P1,3
46,P1,6
645,P1,1
410,P1,9
416,P1,5
225,P1,6
273,P1,2
374,P1,5
502,P1,9
779,P1,3
815,P1,9
697,P1,3
430,P1,4
120,P1,4
24,P1,3
351,P1,1
270,P1,9
114,P1,6
625,P1,9
424,P1,5
899,P1,5
172,P1,4
639,P1,5
658,P1,9
468,P1,9
927,P1,7
937,P1,1
701,P1,1
381,P1,2
940,P1,3
588,P1,9
215,P1,2
416,P1,7
315,P1,7
8,P1,5
746,P1,1
393,P1,6
697,P1,2
137,P1,9
189,P1,3
243,P1,8
537,P1,7
782,P1,8
345,P1,7
581,P1,8
946,P1,5
743,P1,3
722,P1,3
677,P1,9
187,P1,1
544,P1,6
48,P1,1
379,P1,1
721,P1,4
639,P1,3
634,P1,8
848,P1,8
6,P1,6
137,P1,1
635,P1,3
355,P1,4
305,P1,6
603,P1,8
464,P1,4
780,P1,6
891,P1,8
629,P1,2
421,P1,2
417,P1,3
709,P1,8
2,P1,3
19,P1,4
581,P1,3
759,P1,8
729,P1,1
648,P1,6
606,P1,1
41,P1,7
759,P1,6
181,P1,5
225,P1,7
853,P1,4
286,P1,8
145,P1,3
600,P1,2
414,P1,2
708,P1,5
461,P1,9
162,P1,8
165,P1,2
389,P1,4
644,P1,4
594,P1,5
517,P1,8
388,P1,3
74,P1,2
754,P1,9
456,P1,2
86,P1,1
427,P1,5
172,P1,3
643,P1,1
260,P1,8
866,P1,8
948,P1,4
916,P1,7
775,P1,3
829,P1,9
189,P1,1
363,P1,6
304,P1,4
686,P1,2
484,P1,9
261,P1,9
306,P1,1
979,P1,1
343,P1,3
810,P1,3
36,P1,5
274,P1,1
291,P1,6
750,P1,7
645,P1,2
589,P1,4
628,P1,9
367,P1,4
627,P1,4
5,P1,3
363,P1,8
625,P1,9
604,P1,4
642,P1,8
32,P1,3
628,P1,3
552,P1,3
954,P1,4
778,P1,7
115,P1,7
814,P1,3
984,P1,7
99,P1,5
391,P1,2
283,P1,5
136,P1,5
999,P1,7
702,P1,2
341,P1,7
628,P1,1
129,P1,8
39,P1,8
283,P1,2
827,P1,2
186,P1,5
554,P1,5
937,P1,1
715,P1,1
994,P1,8
922,P1,7
754,P1,4
237,P1,7
151,P1,4
695,P1,3
71,P1,3
686,P1,7
620,P1,6
122,P1,4
860,P1,7
950,P1,8
56,P1,2
71,P1,5
635,P1,1
955,P1,6
74,P1,3
503,P1,8
64,P1,5
46,P1,1
14,P1,1
94,P1,9
509,P1,4
450,P1,4
967,P1,7
661,P1,5
770,P1,7
852,P1,5
263,P1,2
227,P1,7
817,P1,6
851,P1,6
213,P1,7
222,P1,8
864,P1,7
650,P1,1
296,P1,5
715,P1,8
766,P1,3
748,P1,4
135,P1,9
815,P1,5
432,P1,5
254,P1,9
293,P1,7
536,P1,7
814,P1,6
720,P1,4
828,P1,8
69,P1,1
403,P1,3
920,P1,8
201,P1,8
805,P1,6
614,P1,2
724,P1,6
555,P1,1
853,P1,1
981,P1,2
144,P1,9
258,P1,4
658,P1,1
300,P1,2
178,P1,9
360,P1,2
754,P1,5
110,P1,5
842,P1,2
252,P1,6
261,P1,8
965,P1,1
247,P1,2
779,P1,2
55,P1,7
920,P1,4
425,P1,8
983,P1,1
81,P1,2
660,P1,7
700,P1,3
524,P1,3
455,P1,4
317,P1,3
370,P1,1
27,P1,9
377,P1,8
974,P1,4
488,P1,4
836,P1,9
878,P1,8
914,P1,8
175,P1,7
12,P1,4
841,P1,9
408,P1,8
391,P1,5
193,P1,5
156,P1,3
143,P1,3
558,P1,2
196,P1,2
233,P1,8
171,P1,5
17,P1,1
152,P1,6
566,P1,1
302,P1,9
733,P1,3
715,P1,3
171,P1,2
537,P1,5
351,P1,6
537,P1,1
585,P1,6
67,P1,9
191,P1,9
905,P1,6
938,P1,8
474,P1,1
238,P1,6
273,P1,7
995,P1,4
219,P1,5
272,P1,6
77,P1,7
553,P1,9
444,P1,9
280,P1,9
466,P1,6
730,P1,8
763,P1,2
328,P1,9
612,P1,4
247,P1,4
937,P1,8
440,P1,2
494,P1,5
772,P1,3
892,P1,8
853,P1,8
255,P1,5
255,P1,5
864,P1,1
999,P1,2
580,P1,2
347,P1,4
676,P1,5
662,P1,6
868,P1,8
83,P1,2
405,P1,2
68,P1,3
651,P1,6
821,P1,2
925,P1,6
583,P1,4
987,P1,9
269,P1,7
375,P1,7
905,P1,6
968,P1,6
71,P1,5
208,P1,1
779,P1,9
28,P1,4
278,P1,7
177,P1,8
613,P1,2
966,P1,7
651,P1,2
107,P1,9
226,P1,9
611,P1,5
145,P1,5
323,P1,4
741,P1,4
601,P1,9
428,P1,1
13,P1,2
679,P1,5
4,P1,8
620,P1,5
38,P1,8
97,P1,8
723,P1,8
440,P1,7
52,P1,2
57,P1,9
764,P1,3
806,P1,4
362,P1,9
820,P1,9
619,P1,7
68,P1,9
238,P1,3
943,P1,3
55,P1,1
95,P1,4
395,P1,1
345,P1,1
172,P1,5
753,P1,2
370,P1,5
167,P1,3
401,P1,8
731,P1,3
511,P1,9
500,P1,3
427,P1,9
729,P1,8
781,P1,6
331,P1,3
794,P1,2
275,P1,5
264,P1,5
464,P1,1
414,P1,9
27,P1,8
311,P1,3
730,P1,7
358,P1,2
695,P1,3
689,P1,7
595,P1,5
216,P1,5
716,P1,5
86,P1,6
410,P1,5
73,P1,2
870,P1,8
276,P1,3
868,P1,2
218,P1,5
278,P1,9
944,P1,6
76,P1,7
753,P1,2
497,P1,9
495,P1,4
60,P1,9
890,P1,7
927,P1,2
930,P1,1
788,P1,9
697,P1,7
998,P1,5
432,P1,8
139,P1,1
488,P1,4
590,P1,2
2,P1,9
883,P1,5
941,P1,2
720,P1,5
466,P1,2
819,P1,3
407,P1,7
882,P1,7
552,P1,5
799,P1,7
504,P1,7
815,P1,2
938,P1,6
403,P1,5
887,P1,8
828,P1,7
735,P1,9
922,P1,9
257,P1,2
701,P1,8
557,P1,5
295,P1,6
60,P1,8
830,P1,9
698,P1,6
790,P1,1
881,P1,2
85,P1,6
909,P1,5
879,P1,1
581,P1,2
792,P1,2
112,P1,6
889,P1,7
503,P1,5
716,P1,8
678,P1,3
352,P1,8
758,P1,4
495,P1,5
627,P1,4
470,P1,5
160,P1,5
376,P1,9
907,P1,8
74,P1,1
836,P1,3
482,P1,7
50,P1,1
431,P1,2
812,P1,7
256,P1,8
200,P1,2
639,P1,3
85,P1,6
647,P1,4
464,P1,2
362,P1,3
841,P1,5
173,P1,8
374,P1,1
351,P1,9
456,P1,8
698,P1,8
269,P1,5
114,P1,8
525,P1,4
192,P1,6
863,P1,6
253,P1,3
263,P1,6
934,P1,1
380,P1,1
608,P1,3
893,P1,2
384,P1,3
150,P1,4
424,P1,5
362,P1,1
995,P1,4
815,P1,6
79,P1,3
268,P1,8
861,P1,7
653,P1,4
215,P1,8
172,P1,9
410,P1,7
701,P1,7
618,P1,2
565,P1,3
793,P1,3
394,P1,3
100,P1,9
353,P1,6
476,P1,8
840,P1,4
154,P1,4
860,P1,9
246,P1,4
423,P1,5
64,P1,8
848,P1,8
228,P1,5
928,P1,4
463,P1,8
339,P1,3
181,P1,8
97,P1,2
161,P1,1
808,P1,2
578,P1,5
498,P1,9
374,P1,2
37,P1,9
795,P1,8
935,P1,9
257,P1,1
341,P1,6
241,P1,6
358,P1,1
712,P1,5
930,P1,3
550,P1,4
13,P1,1
286,P1,8
105,P1,9
194,P1,4
136,P1,1
115,P1,1
14,P1,9
462,P1,9
360,P1,8
16,P1,8
951,P1,8
497,P1,1
490,P1,5
485,P1,5
994,P1,7
459,P1,2
821,P1,6
767,P1,7
369,P1,4
379,P1,9
189,P1,4
951,P1,9
507,P1,6
199,P1,8
483,P1,8
610,P1,5
846,P1,8
64,P1,2
148,P1,7
563,P1,7
563,P1,7
272,P1,8
326,P1,6
347,P1,7
450,P1,1
627,P1,2
18,P1,8
404,P1,4
363,P1,1
976,P1,4
660,P1,6
529,P1,2
886,P1,7
893,P1,7
495,P1,4
997,P1,4
572,P1,2
775,P1,4
113,P1,4
550,P1,8
858,P1,9
598,P1,8
263,P1,5
421,P1,3
779,P1,9
374,P1,7
696,P1,1
451,P1,1
682,P1,8
930,P1,2
454,P1,3
308,P1,5
937,P1,7
467,P1,5
725,P1,7
231,P1,4
904,P1,7
198,P1,9
485,P1,6
325,P1,3
127,P1,7
705,P1,8
275,P1,1
514,P1,7
892,P1,4
481,P1,3
704,P1,4
495,P1,9
375,P1,8
962,P1,7
298,P1,3
280,P1,4
607,P1,5
589,P1,1
443,P1,8
455,P1,5
512,P1,4
635,P1,1
341,P1,1
179,P1,1
432,P1,7
574,P1,2
805,P1,2
302,P1,2
95,P1,7
290,P1,6
341,P1,2
730,P1,3
720,P1,1
778,P1,4
184,P1,9
803,P1,9
551,P1,6
375,P1,5
334,P1,2
424,P1,1
600,P1,1
456,P1,1
874,P1,8
428,P1,9
461,P1,3
832,P1,8
121,P1,6
259,P1,1
802,P1,8
283,P1,8
828,P1,2
409,P1,5
134,P1,4
108,P1,6
564,P1,9
85,P1,8
645,P1,5
702,P1,8
630,P1,2
858,P1,5
584,P1,7
934,P1,1
307,P1,7
83,P1,7
730,P1,9
680,P1,5
354,P1,5
440,P1,8
677,P1,5
575,P1,1
908,P1,4
637,P1,7
80,P1,7
891,P1,1
290,P1,3
653,P1,1
114,P1,7
335,P1,8
297,P1,7
307,P1,3
547,P1,5
426,P1,3
810,P1,9
546,P1,9
221,P1,8
128,P1,6
992,P1,2
495,P1,9
413,P1,7
134,P1,6
46,P1,7
570,P1,2
245,P1,7
930,P1,8
29,P1,6
262,P1,9
967,P1,7
491,P1,4
686,P1,4
304,P1,4
434,P1,7
232,P1,9
550,P1,3
680,P1,4
920,P1,5
647,P1,8
110,P1,5
914,P1,6
442,P1,2
452,P1,6
128,P1,2
217,P1,2
786,P1,4
799,P1,8
432,P1,7
674,P1,3
348,P1,6
101,P1,2
555,P1,1
322,P1,9
958,P1,4
541,P1,6
515,P1,6
906,P1,2
724,P1,7
574,P1,4
11,P1,2
592,P1,2
746,P1,1
287,P1,9
153,P1,2
896,P1,4
913,P1,8
429,P1,7
721,P1,8
899,P1,6
366,P1,2
734,P1,5
321,P1,5
786,P1,1
852,P1,7
577,P1,3
862,P1,6
176,P1,3
850,P1,5
682,P1,4
878,P1,5
750,P1,2
147,P1,4
11,P1,7
165,P1,1
138,P1,8
601,P1,3
779,P1,9
671,P1,5
916,P1,6
605,P1,6
756,P1,7
954,P1,5
369,P1,6
758,P1,8
242,P1,2
534,P1,9
177,P1,1
746,P1,4
121,P1,6
41,P1,1
623,P1,3
786,P1,3
980,P1,7
494,P1,2
273,P1,6
225,P1,1
671,P1,1
132,P1,3
421,P1,6
982,P1,4
102,P1,8
182,P1,7
782,P1,8
186,P1,3
153,P1,5
730,P1,8
8,P1,5
879,P1,4
174,P1,8
916,P1,9
379,P1,6
995,P1,8
157,P1,2
929,P1,5
703,P1,4
442,P1,9
522,P1,9
791,P1,6
719,P1,7
205,P1,1
554,P1,1
971,P1,7
690,P1,3
575,P1,1
47,P1,6
43,P1,7
666,P1,2
940,P1,1
421,P1,7
105,P1,7
469,P1,2
434,P1,2
516,P1,7
759,P1,8
621,P1,3
620,P1,6
21,P1,1
640,P1,4
645,P1,7
692,P1,1
559,P1,8
209,P1,9
241,P1,9
693,P1,6
656,P1,1
649,P1,1
453,P1,3
281,P1,2
80,P1,2
893,P1,4
152,P1,9
720,P1,4
202,P1,9
115,P1,1
6,P1,1
510,P1,5
15,P1,3
459,P1,5
371,P1,6
982,P1,5
92,P1,5
214,P1,4
637,P1,9
422,P1,2
296,P1,2
806,P1,5
601,P1,8
655,P1,8
875,P1,2
775,P1,3
734,P1,5
67,P1,5
871,P1,4
773,P1,2
150,P1,1
126,P1,1
580,P1,7
12,P1,2
102,P1,9
828,P1,6
422,P1,4
597,P1,2
411,P1,2
541,P1,1
676,P1,7
331,P1,8
976,P1,8
585,P1,6
453,P1,9
306,P1,5
524,P1,6
904,P1,5
23,P1,7
540,P1,3
557,P1,2
389,P1,1
963,P1,6
273,P1,9
782,P1,7
458,P1,3
236,P1,2
871,P1,7
532,P1,3
439,P1,3
545,P1,3
798,P1,1
938,P1,6
862,P1,6
658,P1,8
64,P1,3
998,P1,2
105,P1,8
733,P1,7
151,P1,7
296,P1,1
338,P1,5
666,P1,1
771,P1,5
284,P1,7
29,P1,7
914,P1,1
143,P1,7
878,P1,1
113,P1,7
183,P1,3
45,P1,4
773,P1,9
166,P1,8
13,P1,4
555,P1,3
856,P1,9
433,P1,4
705,P1,6
186,P1,9
394,P1,4
715,P1,8
400,P1,3
305,P1,1
69,P1,1
263,P1,1
622,P1,4
281,P1,8
985,P1,8
71,P1,6
700,P1,4
581,P1,9
100,P1,7
524,P1,7
26,P1,6
58,P1,9
973,P1,1
839,P1,3
1,P1,8
946,P1,7
472,P1,5
298,P1,2
686,P1,1
618,P1,9
601,P1,7
40,P1,9
469,P1,2
158,P1,8
9,P1,9
193,P1,8
967,P1,5
163,P1,9
350,P1,1
882,P1,5
393,P1,7
78,P1,1
317,P1,9
288,P1,1
651,P1,4
315,P1,4
891,P1,6
449,P1,5
509,P1,9
801,P1,1
335,P1,1
396,P1,3
888,P1,2
991,P1,1
311,P1,1
947,P1,2
882,P1,8
198,P1,1
420,P1,5
195,P1,4
638,P1,4
422,P1,1
377,P1,9
725,P1,2
365,P1,9
556,P1,1
50,P1,3
909,P1,2
339,P1,7
619,P1,3
514,P1,1
678,P1,4
797,P1,7
732,P1,8
196,P1,2
124,P1,5
301,P1,1
468,P1,6
527,P1,4
22,P1,4
338,P1,7
684,P1,9
90,P1,3
111,P1,4
492,P1,1
169,P1,7
268,P1,6
653,P1,3
482,P1,1
189,P1,5
723,P1,3
435,P1,4
667,P1,4
416,P1,8
838,P1,3
675,P1,2
317,P1,4
651,P1,3
383,P1,9
197,P1,8
594,P1,2
41,P1,8
324,P1,7
594,P1,8
602,P1,8
746,P1,3
907,P1,8
840,P1,4
756,P1,6
272,P1,5
728,P1,7
499,P1,4
426,P1,9
210,P1,6
351,P1,2
721,P1,5
577,P1,4
399,P1,3
658,P1,7
990,P1,5
448,P1,1
379,P1,3
766,P1,7
22,P1,8
711,P1,2
884,P1,7
694,P1,1
858,P1,9
417,P1,1
181,P1,6
115,P1,2
745,P1,8
642,P1,7
362,P1,4
181,P1,5
201,P1,3
651,P1,9
798,P1,4
191,P1,8
372,P1,5
345,P1,7
167,P1,7
111,P1,2
583,P1,8
57,P1,1
461,P1,1
714,P1,4
340,P1,3
270,P1,8
84,P1,9
523,P1,8
767,P1,4
512,P1,9
973,P1,8
577,P1,7
236,P1,7
383,P1,8
994,P1,5
536,P1,7
473,P1,4
715,P1,9
211,P1,1
605,P1,3
860,P1,1
990,P1,7
65,P1,1
423,P1,5
113,P1,4
289,P1,6
218,P1,5
737,P1,3
521,P1,8
959,P1,8
763,P1,2
927,P1,3
189,P1,6
118,P1,7
364,P1,9
961,P1,4
773,P1,6
573,P1,3
529,P1,1
376,P1,7
278,P1,5
428,P1,9
762,P1,4
140,P1,4
863,P1,7
671,P1,1
997,P1,7
456,P1,4
174,P1,2
957,P1,4
407,P1,9
428,P1,7
270,P1,8
846,P1,4
829,P1,6
539,P1,2
653,P1,4
582,P1,6
769,P1,2
832,P1,4
320,P1,7
975,P1,1
406,P1,7
733,P1,7
881,P1,2
849,P1,4
873,P1,1
913,P1,1
752,P1,2
805,P1,3
57,P1,2
707,P1,5
470,P1,6
998,P1,6
449,P1,1
118,P1,2
488,P1,8
461,P1,8
964,P1,9
120,P1,5
542,P1,9
418,P1,1
230,P1,7
371,P1,7
257,P1,4
535,P1,1
418,P1,9
144,P1,7
632,P1,5
557,P1,2
844,P1,7
555,P1,7
610,P1,8
716,P1,5
478,P1,9
884,P1,1
750,P1,3
295,P1,1
391,P1,3
579,P1,9
531,P1,4
412,P1,3
302,P1,8
749,P1,1
696,P1,7
84,P1,7
661,P1,1
957,P1,5
831,P1,4
671,P1,8
14,P1,4
335,P1,3
402,P1,6
121,P1,4
551,P1,9
861,P1,1
69,P1,5
411,P1,1
926,P1,2
578,P1,5
773,P1,3
262,P1,7
633,P1,5
963,P1,3
660,P1,8
760,P1,9
332,P1,1
939,P1,6
252,P1,8
537,P1,4
439,P1,4
559,P1,5
164,P1,6
929,P1,2
756,P1,5
172,P1,9
792,P1,2
139,P1,7
310,P1,7
588,P1,9
554,P1,5
612,P1,1
964,P1,4
646,P1,1
271,P1,5
870,P1,3
60,P1,4
599,P1,9
189,P1,9
11,P1,3
171,P1,3
908,P1,6
402,P1,7
774,P1,6
607,P1,6
991,P1,4
951,P1,3
39,P1,5
129,P1,9
963,P1,6
390,P1,1
933,P1,5
338,P1,7
855,P1,3
696,P1,5
133,P1,1
233,P1,8
240,P1,6
730,P1,8
952,P1,7
155,P1,6
259,P1,6
37,P1,2
747,P1,2
559,P1,5
951,P1,6
943,P1,3
754,P1,7
372,P1,9
799,P1,9
854,P1,7
952,P1,9
649,P1,5
113,P1,3
363,P1,2
291,P1,1
753,P1,4
548,P1,3
821,P1,5
783,P1,5
112,P1,6
633,P1,5
872,P1,6
581,P1,2
300,P1,7
95,P1,4
989,P1,5
55,P1,8
323,P1,4
249,P1,8
137,P1,5
279,P1,3
809,P1,7
458,P1,5
360,P1,1
160,P1,6
364,P1,7
726,P1,4
827,P1,4
781,P1,7
907,P1,7
997,P1,2
764,P1,9
56,P1,4
911,P1,1
838,P1,1
294,P1,4
608,P1,4
246,P1,1
202,P1,9
804,P1,6
895,P1,1
219,P1,9
52,P1,1
160,P1,9
166,P1,7
848,P1,5
878,P1,4
48,P1,6
915,P1,1
542,P1,7
484,P1,8
987,P1,7
900,P1,4
97,P1,8
667,P1,6
920,P1,3
44,P1,4
687,P1,9
613,P1,2
449,P1,2
251,P1,7
602,P1,1
628,P1,8
995,P1,7
717,P1,7
650,P1,8
729,P1,6
973,P1,4
686,P1,1
548,P1,4
790,P1,5
835,P1,3
422,P1,7
690,P1,2
247,P1,8
706,P1,9
924,P1,7
504,P1,8
378,P1,7
275,P1,7
283,P1,5
153,P1,4
566,P1,8
766,P1,9
912,P1,6
651,P1,8
745,P1,5
704,P1,4
345,P1,2
126,P1,2
211,P1,7
234,P1,3
273,P1,7
304,P1,3
701,P1,8
716,P1,4
412,P1,9
262,P1,4
666,P1,6
66,P1,4
579,P1,8
718,P1,6
338,P1,1
138,P1,4
629,P1,9
613,P1,9
603,P1,6
100,P1,7
125,P1,2
416,P1,1
974,P1,5
87,P1,9
854,P1,7
722,P1,9
870,P1,3
182,P1,1
844,P1,8
764,P1,5
551,P1,9
668,P1,4
729,P1,4
139,P1,9
952,P1,2
247,P1,1
516,P1,9
582,P1,7
808,P1,1
338,P1,4
90,P1,4
736,P1,3
481,P1,9
713,P1,7
420,P1,1
988,P1,6
400,P1,7
127,P1,8
705,P1,7
88,P1,9
748,P1,5
756,P1,7
292,P1,1
198,P1,8
34,P1,5
209,P1,8
486,P1,3
168,P1,3
114,P1,1
816,P1,2
206,P1,3
89,P1,7
548,P1,8
735,P1,9
676,P1,6
480,P1,7
230,P1,8
414,P1,5
125,P1,6
560,P1,1
470,P1,1
303,P1,9
457,P1,8
780,P1,7
900,P1,4
222,P1,2
905,P1,2
905,P1,4
517,P1,1
80,P1,1
163,P1,8
553,P1,1
362,P1,1
218,P1,2
879,P1,3
546,P1,2
65,P1,5
679,P1,8
933,P1,2
858,P1,7
566,P1,4
375,P1,4
197,P1,3
58,P1,8
327,P1,2
808,P1,9
329,P1,8
157,P1,4
614,P1,8
789,P1,6
443,P1,4
277,P1,5
909,P1,2
316,P1,4
389,P1,9
749,P1,9
700,P1,6
651,P1,1
792,P1,3
32,P1,6
238,P1,6
4,P1,2
118,P1,8
815,P1,9
808,P1,4
614,P1,3
252,P1,1
37,P1,6
768,P1,8
93,P1,3
674,P1,8
504,P1,8
340,P1,2
348,P1,7
384,P1,4
935,P1,1
445,P1,2
430,P1,6
316,P1,9
742,P1,5
185,P1,9
867,P1,1
959,P1,7
890,P1,8
254,P1,5
504,P1,3
418,P1,9
432,P1,1
501,P1,2
894,P1,8
156,P1,5
214,P1,4
903,P1,6
705,P1,3
611,P1,9
837,P1,2
455,P1,8
336,P1,3
961,P1,4
64,P1,3
520,P1,4
444,P1,7
26,P1,4
756,P1,5
624,P1,4
814,P1,4
102,P1,4
893,P1,1
503,P1,6
103,P1,7
421,P1,2
669,P1,2
6,P1,6
40,P1,4
641,P1,8
209,P1,7
847,P1,5
623,P1,9
641,P1,1
759,P1,4
897,P1,5
598,P1,8
860,P1,2
697,P1,8
674,P1,3
700,P1,1
187,P1,5
341,P1,5
87,P1,1
407,P1,6
523,P1,3
39,P1,3
275,P1,9
715,P1,8
38,P1,3
873,P1,3
172,P1,2
958,P1,2
868,P1,4
596,P1,1
556,P1,9
536,P1,3
892,P1,1
415,P1,1
571,P1,7
493,P1,3
552,P1,2
812,P1,9
384,P1,9
129,P1,4
585,P1,6
921,P1,5
298,P1,8
927,P1,3
71,P1,1
857,P1,2
862,P1,6
306,P1,1
838,P1,4
812,P1,2
761,P1,2
648,P1,4
666,P1,3
134,P1,9
126,P1,8
414,P1,5
926,P1,6
386,P1,2
263,P1,5
468,P1,8
420,P1,3
346,P1,9
378,P1,1
558,P1,2
313,P1,1
142,P1,8
486,P1,3
420,P1,8
865,P1,4
583,P1,4
483,P1,7
816,P1,4
662,P1,5
130,P1,2
397,P1,4
81,P1,2
22,P1,8
365,P1,8
950,P1,3
674,P1,9
308,P1,3
341,P1,8
720,P1,6
363,P1,6
703,P1,3
586,P1,6
254,P1,7
422,P1,8
476,P1,9
203,P1,5
190,P1,2
411,P1,5
554,P1,4
285,P1,9
749,P1,9
995,P1,2
660,P1,5
931,P1,2
563,P1,9
335,P1,8
355,P1,5
837,P1,2
610,P1,2
164,P1,9
693,P1,7
463,P1,7
451,P1,9
572,P1,4
339,P1,8
565,P1,9
265,P1,4
205,P1,6
320,P1,2
548,P1,2
712,P1,7
712,P1,9
418,P1,8
674,P1,5
725,P1,6
105,P1,7
89,P1,1
167,P1,9
822,P1,1
680,P1,8
339,P1,3
229,P1,1
52,P1,5
532,P1,4
382,P1,8
562,P1,8
856,P1,1
781,P1,9
681,P1,7
35,P1,1
879,P1,7
246,P1,9
870,P1,8
423,P1,1
604,P1,3
401,P1,5
627,P1,2
276,P1,5
251,P1,7
257,P1,7
189,P1,1
691,P1,2
553,P1,2
914,P1,2
496,P1,6
774,P1,6
437,P1,6
238,P1,5
367,P1,3
186,P1,6
791,P1,4
918,P1,7
669,P1,4
456,P1,1
335,P1,3
766,P1,2
240,P1,4
245,P1,2
897,P1,4
601,P1,8
830,P1,8
336,P1,5
848,P1,3
315,P1,3
521,P1,9
599,P1,8
726,P1,8
309,P1,3
84,P1,6
781,P1,1
850,P1,9
363,P1,4
85,P1,1
181,P1,9
285,P1,7
207,P1,4
570,P1,9
430,P1,1
976,P1,3
944,P1,1
194,P1,6
271,P1,7
203,P1,4
732,P1,6
525,P1,3
691,P1,5
379,P1,2
771,P1,7
897,P1,2
304,P1,9
198,P1,9
612,P1,3
302,P1,3
455,P1,2
938,P1,2
846,P1,2
688,P1,8
547,P1,5
751,P1,9
728,P1,9
353,P1,4
489,P1,4
971,P1,6
443,P1,9
334,P1,3
710,P1,8
796,P1,3
246,P1,6
543,P1,6
572,P1,3
225,P1,5
487,P1,3
633,P1,1
730,P1,8
568,P1,1
145,P1,4
866,P1,8
661,P1,4
398,P1,1
564,P1,6
989,P1,7
571,P1,2
876,P1,2
840,P1,5
814,P1,9
353,P1,7
38,P1,6
553,P1,6
512,P1,4
688,P1,4
524,P1,5
81,P1,8
407,P1,4
274,P1,9
191,P1,2
668,P1,2
927,P1,2
758,P1,5
746,P1,3
737,P1,8
526,P1,5
694,P1,8
771,P1,8
856,P1,6
34,P1,1
293,P1,8
974,P1,4
298,P1,1
812,P1,5
69,P1,4
838,P1,5
499,P1,6
803,P1,5
695,P1,2
159,P1,8
360,P1,3
989,P1,6
836,P1,8
769,P1,8
645,P1,9
675,P1,9
866,P1,3
867,P1,3
647,P1,3
696,P1,9
25,P1,7
87,P1,4
336,P1,3
906,P1,7
356,P1,4
453,P1,8
769,P1,8
988,P1,8
371,P1,9
633,P1,7
984,P1,5
619,P1,3
304,P1,9
764,P1,4
473,P1,7
890,P1,5
361,P1,3
896,P1,5
997,P1,1
998,P1,1
52,P1,9
894,P1,8
102,P1,7
296,P1,4
892,P1,8
58,P1,3
139,P1,6
890,P1,8
261,P1,2
794,P1,3
37,P1,3
904,P1,3
734,P1,6
432,P1,7
434,P1,2
760,P1,1
936,P1,2
425,P1,1
462,P1,4
49,P1,2
914,P1,6
405,P1,2
673,P1,5
645,P1,8
276,P1,1
601,P1,1
10,P1,8
673,P1,4
839,P1,1
882,P1,3
321,P1,3
735,P1,5
405,P1,7
705,P1,8
42,P1,3
787,P1,9
397,P1,8
252,P1,8
999,P1,8
165,P1,1
921,P1,5
898,P1,2
50,P1,7
440,P1,5
183,P1,6
429,P1,3
818,P1,8
853,P1,2
387,P1,1
698,P1,6
973,P1,3
990,P1,7
831,P1,9
461,P1,3
384,P1,7
52,P1,6
733,P1,6
166,P1,4
135,P1,6
462,P1,7
141,P1,1
803,P1,1
37,P1,7
175,P1,4
100,P1,1
8,P1,3
38,P1,7
173,P1,6
592,P1,2
672,P1,2
486,P1,6
612,P1,7
36,P1,8
694,P1,1
693,P1,4
93,P1,4
148,P1,5
609,P1,9
317,P1,4
622,P1,9
4,P1,5
603,P1,6
297,P1,4
579,P1,7
538,P1,1
130,P1,5
668,P1,9
556,P1,6
416,P1,1
20,P1,4
583,P1,6
235,P1,3
386,P1,4
493,P1,5
927,P1,9
615,P1,6
391,P1,6
992,P1,4
328,P1,3
866,P1,7
706,P1,7
749,P1,4
540,P1,1
418,P1,3
748,P1,7
209,P1,5
918,P1,5
973,P1,2
872,P1,4
828,P1,5
454,P1,4
522,P1,5
947,P1,3
824,P1,5
876,P1,1
789,P1,5
173,P1,2
210,P1,5
840,P1,7
862,P1,9
38,P1,3
528,P1,8
792,P1,7
642,P1,3
774,P1,8
187,P1,3
695,P1,7
208,P1,2
232,P1,5
26,P1,9
546,P1,1
532,P1,6
121,P1,7
331,P1,8
644,P1,3
55,P1,9
988,P1,1
356,P1,3
667,P1,6
650,P1,7
424,P1,5
323,P1,9
834,P1,7
18,P1,9
939,P1,5
880,P1,4
984,P1,7
944,P1,8
330,P1,9
325,P1,5
581,P1,4
13,P1,1
439,P1,4
598,P1,2
435,P1,2
536,P1,6
766,P1,1
584,P1,2
725,P1,3
629,P1,6
811,P1,5
150,P1,3
308,P1,6
183,P1,1
101,P1,5
24,P1,4
92,P1,5
448,P1,2
621,P1,2
711,P1,7
738,P1,2
709,P1,5
304,P1,3
435,P1,1
468,P1,7
33,P1,2
279,P1,4
916,P1,2
832,P1,4
289,P1,8
138,P1,6
864,P1,2
132,P1,8
495,P1,1
436,P1,7
123,P1,9
811,P1,6
980,P1,6
444,P1,5
467,P1,4
294,P1,6
288,P1,1
722,P1,9
320,P1,8
812,P1,9
173,P1,5
785,P1,4
798,P1,5
227,P1,6
842,P1,2
388,P1,5
970,P1,6
737,P1,9
938,P1,9
676,P1,6
407,P1,9
385,P1,7
872,P1,9
765,P1,4
507,P1,1
83,P1,8
140,P1,8
369,P1,4
499,P1,8
237,P1,6
341,P1,4
941,P1,4
83,P1,2
214,P1,6
67,P1,5
619,P1,4
294,P1,9
214,P1,5
479,P1,7
151,P1,6
2,P1,6
904,P1,4
623,P1,4
789,P1,5
89,P1,3
291,P1,8
743,P1,6
685,P1,6
113,P1,1
510,P1,4
9,P1,9
41,P1,7
486,P1,5
262,P1,7
454,P1,6
720,P1,5
536,P1,1
479,P1,1
459,P1,4
90,P1,7
427,P1,9
75,P1,1
458,P1,3
371,P1,7
552,P1,4
223,P1,6
553,P1,9
5,P1,3
462,P1,3
196,P1,5
379,P1,6
175,P1,6
410,P1,5
523,P1,1
947,P1,9
539,P1,4
725,P1,2
884,P1,4
736,P1,4
668,P1,2
459,P1,6
238,P1,5
98,P1,5
139,P1,9
243,P1,4
471,P1,5
352,P1,9
850,P1,1
916,P1,3
586,P1,6
813,P1,7
986,P1,4
953,P1,8
770,P1,4
185,P1,5
170,P1,6
927,P1,6
995,P1,9
556,P1,6
856,P1,5
206,P1,6
124,P1,2
873,P1,2
21,P1,3
829,P1,8
532,P1,2
662,P1,7
742,P1,7
322,P1,7
809,P1,4
367,P1,8
286,P1,8
797,P1,6
794,P1,6
175,P1,6
351,P1,9
444,P1,8
986,P1,5
709,P1,8
723,P1,6
156,P1,3
193,P1,5
923,P1,8
301,P1,1
378,P1,4
353,P1,8
539,P1,4
527,P1,8
452,P1,1
304,P1,7
833,P1,5
917,P1,9
550,P1,8
618,P1,7
528,P1,7
539,P1,5
68,P1,5
357,P1,1
477,P1,9
415,P1,1
272,P1,5
368,P1,9
56,P1,8
839,P1,1
49,P1,4
70,P1,6
323,P1,3
268,P1,5
808,P1,9
569,P1,8
360,P1,1
369,P1,6
954,P1,5
11,P1,1
942,P1,7
978,P1,8
421,P1,1
854,P1,2
235,P1,8
356,P1,5
156,P1,5
23,P1,5
68,P1,5
54,P1,5
312,P1,6
555,P1,2
934,P1,7
862,P1,3
34,P1,3
28,P1,7
274,P1,7
29,P1,5
190,P1,7
114,P1,3
157,P1,2
19,P1,9
240,P1,2
643,P1,7
768,P1,9
641,P1,4
240,P1,8
579,P1,4
133,P1,5
689,P1,8
368,P1,3
469,P1,1
913,P1,1
332,P1,8
761,P1,4
436,P1,4
868,P1,6
203,P1,3
115,P1,3
589,P1,3
498,P1,2
841,P1,8
52,P1,1
614,P1,9
425,P1,5
115,P1,8
366,P1,2
981,P1,6
489,P1,9
558,P1,3
845,P1,7
864,P1,1
827,P1,8
988,P1,1
640,P1,1
497,P1,4
47,P1,4
357,P1,9
848,P1,9
247,P1,5
356,P1,8
24,P1,9
553,P1,9
799,P1,1
222,P1,4
455,P1,2
884,P1,2
21,P1,4
821,P1,8
401,P1,7
789,P1,1
135,P1,9
498,P1,2
532,P1,8
766,P1,5
811,P1,6
437,P1,6
112,P1,6
302,P1,2
315,P1,9
687,P1,9
48,P1,5
163,P1,1
484,P1,3
247,P1,4
318,P1,5
197,P1,6
435,P1,4
874,P1,7
103,P1,4
308,P1,3
554,P1,7
487,P1,4
650,P1,7
699,P1,4
93,P1,1
154,P1,7
132,P1,9
670,P1,2
728,P1,8
764,P1,7
318,P1,6
474,P1,3
754,P1,6
936,P1,8
422,P1,1
388,P1,7
674,P1,7
119,P1,6
823,P1,5
680,P1,6
782,P1,8
469,P1,1
426,P1,8
406,P1,6
283,P1,3
5,P1,3
351,P1,1
945,P1,7
594,P1,4
952,P1,3
684,P1,3
149,P1,5
40,P1,5
360,P1,3
350,P1,1
436,P1,3
222,P1,8
949,P1,3
728,P1,8
854,P1,5
825,P1,4
829,P1,7
141,P1,9
978,P1,6
302,P1,7
44,P1,2
31,P1,5
835,P1,1
639,P1,7
991,P1,7
891,P1,2
414,P1,1
270,P1,4
682,P1,3
367,P1,3
265,P1,9
232,P1,1
804,P1,8
822,P1,1
571,P1,1
479,P1,2
617,P1,6
781,P1,5
9,P1,6
594,P1,7
720,P1,7
689,P1,4
398,P1,3
171,P1,4
662,P1,1
862,P1,7
695,P1,7
737,P1,4
602,P1,8
970,P1,4
477,P1,2
541,P1,4
379,P1,5
773,P1,5
665,P1,7
479,P1,5
504,P1,2
918,P1,6
718,P1,9
966,P1,9
614,P1,4
500,P1,6
782,P1,7
497,P1,5
323,P1,1
773,P1,9
900,P1,7
647,P1,2
519,P1,3
670,P1,7
818,P1,4
620,P1,9
295,P1,5
693,P1,6
962,P1,7
769,P1,3
484,P1,2
7,P1,7
957,P1,1
444,P1,8
26,P1,4
61,P1,9
185,P1,8
727,P1,2
576,P1,1
918,P1,8
328,P1,8
129,P1,6
701,P1,1
635,P1,4
856,P1,5
386,P1,7
601,P1,5
255,P1,5
60,P1,8
320,P1,1
345,P1,4
110,P1,7
488,P1,1
913,P1,8
851,P1,5
905,P1,3
371,P1,4
735,P1,8
570,P1,6
570,P1,7
610,P1,6
315,P1,4
370,P1,8
585,P1,3
405,P1,3
705,P1,4
596,P1,7
421,P1,4
729,P1,5
661,P1,5
398,P1,6
157,P1,6
942,P1,4
758,P1,5
627,P1,7
960,P1,1
904,P1,8
273,P1,9
746,P1,8
799,P1,7
477,P1,2
379,P1,2
814,P1,6
895,P1,7
294,P1,5
176,P1,6
899,P1,5
654,P1,3
90,P1,2
808,P1,4
834,P1,1
252,P1,6
749,P1,5
772,P1,4
123,P1,7
594,P1,5
240,P1,7
774,P1,2
968,P1,3
748,P1,6
938,P1,9
444,P1,6
744,P1,4
193,P1,7
301,P1,3
461,P1,1
317,P1,6
248,P1,9
395,P1,2
732,P1,5
756,P1,4
846,P1,5
681,P1,5
287,P1,9
22,P1,3
60,P1,9
793,P1,6
485,P1,6
374,P1,5
647,P1,6
599,P1,6
245,P1,6
125,P1,4
139,P1,8
827,P1,9
591,P1,4
226,P1,3
705,P1,4
734,P1,5
901,P1,4
72,P1,9
703,P1,2
432,P1,2
708,P1,6
229,P1,6
183,P1,7
370,P1,1
385,P1,3
483,P1,9
938,P1,5
419,P1,2
527,P1,1
154,P1,8
766,P1,7
686,P1,5
61,P1,6
382,P1,1
997,P1,5
529,P1,6
372,P1,2
666,P1,7
689,P1,7
973,P1,4
678,P1,1
698,P1,9
721,P1,6
217,P1,1
975,P1,8
278,P1,4
194,P1,9
556,P1,8
758,P1,7
474,P1,4
553,P1,3
888,P1,9
755,P1,9
259,P1,8
275,P1,2
512,P1,1
588,P1,4
488,P1,6
426,P1,6
12,P1,6
316,P1,1
869,P1,6
79,P1,4
309,P1,6
651,P1,9
81,P1,2
956,P1,9
386,P1,1
646,P1,8
701,P1,5
220,P1,4
474,P1,6
995,P1,6
178,P1,9
185,P1,6
503,P1,2
560,P1,8
424,P1,4
186,P1,3
672,P1,7
602,P1,7
226,P1,3
852,P1,8
551,P1,6
608,P1,5
897,P1,1
516,P1,6
766,P1,8
773,P1,7
621,P1,7
235,P1,4
115,P1,4
176,P1,6
665,P1,1
107,P1,8
531,P1,7
579,P1,8
855,P1,9
164,P1,9
568,P1,1
287,P1,2
551,P1,2
514,P1,5
753,P1,8
811,P1,1
789,P1,8
121,P1,8
974,P1,4
879,P1,4
52,P1,1
833,P1,2
833,P1,1
146,P1,5
296,P1,7
848,P1,6
779,P1,3
382,P1,8
274,P1,4
949,P1,1
289,P1,7
70,P1,3
636,P1,9
533,P1,7
121,P1,9
162,P1,9
711,P1,7
691,P1,9
863,P1,3
395,P1,6
528,P1,5
180,P1,8
850,P1,7
254,P1,1
54,P1,4
377,P1,9
677,P1,4
931,P1,3
261,P1,3
809,P1,9
883,P1,5
239,P1,9
691,P1,9
886,P1,7
447,P1,9
782,P1,6
738,P1,8
467,P1,4
894,P1,3
116,P1,3
601,P1,1
747,P1,2
639,P1,8
150,P1,5
837,P1,2
752,P1,7
598,P1,2
246,P1,3
79,P1,4
148,P1,5
328,P1,3
899,P1,2
938,P1,7
126,P1,3
29,P1,1
303,P1,5
32,P1,9
496,P1,2
195,P1,5
171,P1,4
979,P1,8
263,P1,4
93,P1,4
122,P1,3
40,P1,9
15,P1,3
89,P1,6
815,P1,1
682,P1,5
937,P1,3
16,P1,6
241,P1,4
766,P1,2
409,P1,2
102,P1,7
984,P1,1
470,P1,4
398,P1,9
469,P1,3
912,P1,4
764,P1,5
250,P1,6
578,P1,7
482,P1,9
905,P1,3
472,P1,7
429,P1,3
446,P1,4
94,P1,7
303,P1,6
772,P1,8
116,P1,7
908,P1,1
870,P1,6
134,P1,6
122,P1,2
471,P1,6
975,P1,4
749,P1,1
226,P1,8
20,P1,7
745,P1,4
332,P1,4
676,P1,3
193,P1,3
494,P1,2
811,P1,3
994,P1,6
980,P1,4
868,P1,2
137,P1,8
471,P1,7
659,P1,7
573,P1,1
529,P1,6
297,P1,1
80,P1,8
667,P1,6
110,P1,7
374,P1,1
122,P1,6
623,P1,6
870,P1,5
944,P1,8
86,P1,3
663,P1,8
503,P1,4
993,P1,3
973,P1,7
646,P1,8
310,P1,6
82,P1,8
410,P1,1
93,P1,3
804,P1,4
665,P1,3
734,P1,2
398,P1,8
910,P1,1
110,P1,7
533,P1,8
666,P1,2
780,P1,6
48,P1,6
680,P1,3
38,P1,7
704,P1,8
552,P1,1
441,P1,8
561,P1,6
659,P1,1
701,P1,2
370,P1,2
172,P1,3
972,P1,7
31,P1,1
720,P1,8
706,P1,7
612,P1,2
688,P1,7
663,P1,1
762,P1,8
191,P1,4
326,P1,6
58,P1,8
329,P1,7
984,P1,5
516,P1,5
136,P1,6
38,P1,6
371,P1,6
85,P1,4
238,P1,8
897,P1,7
12,P1,5
618,P1,1
247,P1,9
862,P1,4
556,P1,3
168,P1,6
920,P1,7
447,P1,2
878,P1,1
121,P1,8
638,P1,6
424,P1,3
373,P1,8
867,P1,2
111,P1,4
218,P1,3
129,P1,2
683,P1,1
452,P1,7
192,P1,9
917,P1,2
352,P1,9
341,P1,3
451,P1,4
761,P1,4
524,P1,7
154,P1,3
638,P1,3
176,P1,4
930,P1,9
456,P1,8
394,P1,6
741,P1,8
841,P1,2
262,P1,8
69,P1,9
848,P1,8
521,P1,8
557,P1,4
119,P1,8
710,P1,2
508,P1,8
752,P1,2
75,P1,8
222,P1,8
788,P1,2
619,P1,2
108,P1,8
69,P1,9
34,P1,1
947,P1,1
67,P1,3
699,P1,1
195,P1,2
798,P1,8
622,P1,1
621,P1,6
139,P1,4
881,P1,5
3,P1,9
182,P1,9
10,P1,5
992,P1,4
229,P1,7
280,P1,1
308,P1,7
65,P1,7
205,P1,6
796,P1,7
867,P1,9
836,P1,9
130,P1,7
597,P1,9
652,P1,3
251,P1,1
712,P1,3
467,P1,2
727,P1,5
489,P1,9
515,P1,8
232,P1,5
77,P1,1
280,P1,3
812,P1,7
367,P1,4
773,P1,1
769,P1,9
406,P1,6
209,P1,3
995,P1,5
939,P1,4
860,P1,8
722,P1,4
927,P1,6
302,P1,1
508,P1,3
615,P1,6
209,P1,4
429,P1,7
955,P1,6
637,P1,4
408,P1,8
632,P1,2
478,P1,1
568,P1,4
450,P1,5
50,P1,6
191,P1,8
667,P1,4
892,P1,5
414,P1,4
84,P1,8
992,P1,7
107,P1,2
269,P1,9
95,P1,4
492,P1,1
930,P1,2
914,P1,8
505,P1,4
169,P1,4
430,P1,8
989,P1,7
723,P1,4
221,P1,4
94,P1,2
756,P1,3
169,P1,5
941,P1,9
449,P1,6
149,P1,3
503,P1,8
655,P1,3
331,P1,5
502,P1,6
771,P1,3
532,P1,9
155,P1,1
248,P1,3
535,P1,4
831,P1,7
908,P1,9
374,P1,3
885,P1,2
8,P1,8
93,P1,6
54,P1,2
771,P1,1
428,P1,9
199,P1,4
369,P1,8
277,P1,2
37,P1,8
180,P1,1
872,P1,1
318,P1,7
12,P1,7
67,P1,5
358,P1,8
409,P1,8
529,P1,6
786,P1,5
98,P1,9
806,P1,2
713,P1,3
879,P1,1
431,P1,2
373,P1,1
387,P1,8
43,P1,7
16,P1,8
805,P1,9
276,P1,5
31,P1,8
500,P1,5
911,P1,6
239,P1,5
248,P1,3
28,P1,8
311,P1,1
766,P1,5
669,P1,2
616,P1,6
883,P1,4
895,P1,1
536,P1,2
797,P1,3
678,P1,3
441,P1,1
407,P1,6
821,P1,3
681,P1,1
644,P1,9
849,P1,1
553,P1,9
148,P1,1
781,P1,7
553,P1,9
63,P1,6
124,P1,8
653,P1,6
843,P1,4
506,P1,2
624,P1,7
781,P1,7
95,P1,9
557,P1,4
131,P1,3
370,P1,8
563,P1,7
523,P1,2
246,P1,8
341,P1,2
19,P1,9
710,P1,8
902,P1,3
118,P1,4
310,P1,9
707,P1,2
628,P1,9
968,P1,2
318,P1,5
110,P1,2
917,P1,9
168,P1,2
479,P1,9
121,P1,7
148,P1,2
40,P1,7
953,P1,9
609,P1,3
342,P1,5
366,P1,9
774,P1,7
399,P1,1
633,P1,7
337,P1,2
467,P1,1
967,P1,7
141,P1,6
744,P1,4
147,P1,6
12,P1,9
378,P1,4
516,P1,6
454,P1,4
558,P1,6
730,P1,6
687,P1,1
246,P1,8
918,P1,8
207,P1,8
761,P1,3
716,P1,8
402,P1,2
604,P1,4
235,P1,2
221,P1,9
991,P1,3
34,P1,7
456,P1,6
55,P1,3
70,P1,7
555,P1,2
29,P1,9
527,P1,9
837,P1,2
837,P1,6
915,P1,1
574,P1,4
661,P1,6
976,P1,9
672,P1,6
842,P1,4
743,P1,8
565,P1,6
415,P1,8
30,P1,3
459,P1,9
406,P1,4
991,P1,9
556,P1,1
163,P1,2
814,P1,1
897,P1,8
484,P1,7
935,P1,1
54,P1,7
256,P1,7
897,P1,9
119,P1,3
593,P1,7
524,P1,8
424,P1,4
5,P1,9
36,P1,2
821,P1,1
719,P1,6
145,P1,7
604,P1,3
372,P1,9
529,P1,9
846,P1,3
833,P1,1
100,P1,7
347,P1,1
613,P1,3
857,P1,6
715,P1,9
407,P1,5
509,P1,7
595,P1,2
115,P1,7
128,P1,7
592,P1,6
705,P1,7
875,P1,5
662,P1,6
918,P1,3
680,P1,7
528,P1,7
609,P1,6
492,P1,9
865,P1,3
356,P1,8
286,P1,4
508,P1,6
289,P1,1
618,P1,5
536,P1,9
523,P1,6
338,P1,2
11,P1,1
531,P1,1
473,P1,8
387,P1,9
42,P1,6
485,P1,1
22,P1,1
392,P1,4
505,P1,1
280,P1,8
247,P1,1
126,P1,2
288,P1,8
946,P1,1
232,P1,4
811,P1,6
769,P1,4
930,P1,2
426,P1,6
986,P1,8
300,P1,5
137,P1,6
680,P1,8
882,P1,1
550,P1,5
92,P1,2
512,P1,6
869,P1,5
421,P1,3
579,P1,1
826,P1,9
969,P1,8
41,P1,7
449,P1,3
156,P1,2
249,P1,2
128,P1,2
949,P1,2
165,P1,6
956,P1,3
7,P1,1
450,P1,4
776,P1,1
281,P1,5
176,P1,9
564,P1,8
769,P1,5
299,P1,2
256,P1,7
874,P1,6
383,P1,7
721,P1,7
702,P1,3
3,P1,2
20,P1,6
944,P1,3
103,P1,1
741,P1,8
157,P1,2
848,P1,1
659,P1,6
136,P1,4
875,P1,6
727,P1,9
346,P1,5
658,P1,2
153,P1,7
40,P1,5
863,P1,9
96,P1,8
964,P1,4
468,P1,6
594,P1,8
959,P1,3
932,P1,2
746,P1,1
418,P1,9
717,P1,7
8,P1,6
344,P1,8
604,P1,8
775,P1,5
930,P1,1
509,P1,5
761,P1,1
122,P1,4
619,P1,9
411,P1,3
839,P1,2
537,P1,3
742,P1,7
376,P1,7
962,P1,2
319,P1,7
622,P1,1
890,P1,3
889,P1,6
689,P1,5
867,P1,7
825,P1,7
163,P1,7
194,P1,7
630,P1,2
161,P1,3
271,P1,9
592,P1,3
796,P1,9
864,P1,8
579,P1,3
621,P1,6
189,P1,5
548,P1,3
874,P1,6
201,P1,3
465,P1,7
816,P1,8
446,P1,7
698,P1,9
153,P1,5
898,P1,6
984,P1,6
889,P1,9
95,P1,2
124,P1,1
70,P1,5
936,P1,4
672,P1,9
52,P1,9
396,P1,5
783,P1,9
238,P1,1
98,P1,6
488,P1,3
908,P1,6
502,P1,8
603,P1,6
2,P1,7
992,P1,8
961,P1,3
112,P1,3
703,P1,6
591,P1,6
233,P1,8
604,P1,5
486,P1,7
442,P1,8
650,P1,5
839,P1,7
589,P1,9
555,P1,2
619,P1,5
706,P1,1
22,P1,2
486,P1,4
543,P1,8
609,P1,2
783,P1,6
135,P1,3
915,P1,2
954,P1,6
348,P1,7
18,P1,1
792,P1,8
191,P1,5
601,P1,1
90,P1,1
267,P1,5
212,P1,8
101,P1,1
599,P1,5
128,P1,5
439,P1,6
24,P1,9
584,P1,1
718,P1,2
604,P1,1
227,P1,4
255,P1,7
173,P1,9
209,P1,7
147,P1,6
375,P1,2
8,P1,2
815,P1,4
840,P1,1
71,P1,6
7,P1,5
693,P1,3
987,P1,7
978,P1,4
926,P1,5
672,P1,5
110,P1,5
900,P1,1
574,P1,5
800,P1,8
589,P1,5
165,P1,9
193,P1,3
687,P1,7
501,P1,5
395,P1,7
819,P1,1
120,P1,4
267,P1,4
538,P1,6
238,P1,8
870,P1,2
792,P1,8
965,P1,2
348,P1,7
198,P1,6
843,P1,7
591,P1,1
813,P1,6
281,P1,4
190,P1,6
402,P1,1
34,P1,1
804,P1,2
975,P1,8
848,P1,1
174,P1,9
301,P1,1
217,P1,7
95,P1,5
639,P1,7
14,P1,3
892,P1,8
690,P1,7
785,P1,7
681,P1,2
363,P1,3
467,P1,9
740,P1,7
267,P1,1
897,P1,9
654,P1,2
543,P1,3
140,P1,7
668,P1,1
109,P1,4
704,P1,9
24,P1,8
654,P1,4
132,P1,3
768,P1,8
492,P1,1
73,P1,8
710,P1,2
822,P1,6
942,P1,3
785,P1,8
338,P1,3
471,P1,3
244,P1,1
14,P1,3
568,P1,9
789,P1,8
928,P1,5
197,P1,7
638,P1,3
865,P1,1
353,P1,4
184,P1,1
770,P1,2
478,P1,9
94,P1,8
275,P1,5
81,P1,3
164,P1,1
398,P1,3
637,P1,4
469,P1,8
513,P1,4
517,P1,6
204,P1,7
11,P1,2
75,P1,4
488,P1,7
96,P1,7
689,P1,6
688,P1,2
517,P1,4
582,P1,9
293,P1,6
876,P1,9
895,P1,1
136,P1,2
875,P1,9
390,P1,5
994,P1,1
515,P1,9
698,P1,8
290,P1,6
277,P1,6
270,P1,4
839,P1,9
617,P1,7
731,P1,3
934,P1,2
644,P1,8
128,P1,8
523,P1,4
707,P1,8
566,P1,3
206,P1,1
622,P1,8
365,P1,6
801,P1,3
861,P1,5
676,P1,3
169,P1,8
549,P1,9
566,P1,4
928,P1,9
385,P1,8
630,P1,9
516,P1,6
655,P1,1
928,P1,1
382,P1,8
674,P1,4
210,P1,1
133,P1,4
197,P1,5
694,P1,4
359,P1,5
77,P1,1
166,P1,4
958,P1,2
327,P1,2
223,P1,5
311,P1,9
165,P1,3
713,P1,3
321,P1,7
64,P1,5
475,P1,2
118,P1,9
656,P1,3
673,P1,6
599,P1,9
299,P1,3
401,P1,5
406,P1,3
954,P1,1
866,P1,9
773,P1,9
573,P1,2
892,P1,6
798,P1,6
587,P1,2
846,P1,7
483,P1,7
618,P1,3
95,P1,4
59,P1,3
316,P1,1
247,P1,7
257,P1,2
699,P1,8
435,P1,9
781,P1,3
57,P1,8
439,P1,8
61,P1,8
75,P1,9
577,P1,5
114,P1,8
556,P1,4
342,P1,1
792,P1,9
934,P1,5
901,P1,8
378,P1,3
620,P1,2
92,P1,8
719,P1,3
738,P1,3
288,P1,7
525,P1,1
782,P1,2
538,P1,4
615,P1,8
672,P1,3
678,P1,6
215,P1,2
131,P1,7
909,P1,7
6,P1,6
474,P1,9
142,P1,1
750,P1,6
662,P1,6
440,P1,8
311,P1,2
51,P1,7
602,P1,6
313,P1,1
936,P1,3
330,P1,8
264,P1,5
54,P1,4
414,P1,4
760,P1,6
262,P1,4
998,P1,5
455,P1,3
12,P1,1
176,P1,1
754,P1,1
988,P1,5
187,P1,5
265,P1,2
447,P1,4
968,P1,4
676,P1,1
751,P1,4
290,P1,6
702,P1,6
684,P1,4
290,P1,8
583,P1,7
38,P1,9
9,P1,4
681,P1,7
697,P1,6
303,P1,7
34,P1,4
499,P1,9
284,P1,9
351,P1,8
452,P1,6
985,P1,1
492,P1,5
817,P1,2
675,P1,9
252,P1,6
533,P1,6
499,P1,4
484,P1,3
754,P1,4
298,P1,7
281,P1,9
921,P1,8
593,P1,5
164,P1,6
435,P1,5
383,P1,5
158,P1,9
466,P1,9
146,P1,5
695,P1,5
877,P1,9
993,P1,5
218,P1,1
444,P1,8
717,P1,8
713,P1,5
345,P1,8
719,P1,8
180,P1,4
623,P1,6
246,P1,6
40,P1,4
311,P1,8
973,P1,7
679,P1,9
408,P1,8
757,P1,4
300,P1,2
167,P1,9
468,P1,2
482,P1,1
250,P1,1
502,P1,8
87,P1,5
531,P1,5
978,P1,2
710,P1,1
599,P1,2
696,P1,6
796,P1,7
655,P1,7
729,P1,6
150,P1,5
902,P1,5
939,P1,5
764,P1,9
381,P1,6
702,P1,8
822,P1,2
853,P1,6
671,P1,4
203,P1,4
779,P1,2
875,P1,9
224,P1,3
21,P1,5
169,P1,3
697,P1,4
47,P1,6
17,P1,4
199,P1,3
812,P1,4
881,P1,9
618,P1,8
319,P1,4
86,P1,5
943,P1,5
273,P1,9
183,P1,6
850,P1,2
306,P1,9
985,P1,1
356,P1,3
111,P1,3
473,P1,3
406,P1,7
733,P1,6
295,P1,7
728,P1,3
800,P1,1
449,P1,2
429,P1,1
682,P1,2
683,P1,7
295,P1,9
323,P1,1
121,P1,8
663,P1,2
849,P1,2
356,P1,4
48,P1,4
240,P1,8
178,P1,4
372,P1,5
814,P1,4
944,P1,5
110,P1,6
882,P1,6
602,P1,8
97,P1,8
675,P1,4
914,P1,1
546,P1,7
918,P1,8
361,P1,5
222,P1,6
924,P1,3
287,P1,6
64,P1,4
138,P1,4
910,P1,8
988,P1,5
710,P1,7
489,P1,9
481,P1,2
1,P1,2
973,P1,7
88,P1,1
933,P1,1
92,P1,3
736,P1,8
667,P1,6
210,P1,7
589,P1,5
935,P1,3
906,P1,2
875,P1,7
501,P1,6
267,P1,5
288,P1,1
234,P1,4
356,P1,8
834,P1,7
972,P1,2
854,P1,5
464,P1,9
563,P1,1
981,P1,1
24,P1,9
683,P1,9
127,P1,5
383,P1,7
207,P1,1
243,P1,6
304,P1,8
344,P1,5
320,P1,7
377,P1,7
896,P1,6
333,P1,7
338,P1,7
980,P1,2
165,P1,5
799,P1,6
924,P1,4
339,P1,8
287,P1,1
451,P1,7
550,P1,2
994,P1,4
485,P1,7
512,P1,6
756,P1,7
255,P1,7
316,P1,3
840,P1,7
572,P1,3
519,P1,1
525,P1,8
928,P1,1
303,P1,6
234,P1,2
879,P1,1
729,P1,6
779,P1,2
77,P1,3
427,P1,1
195,P1,7
641,P1,4
303,P1,9
98,P1,3
149,P1,9
315,P1,1
713,P1,9
907,P1,3
74,P1,2
961,P1,5
692,P1,5
977,P1,3
793,P1,6
749,P1,5
134,P1,6
240,P1,7
150,P1,5
711,P1,2
496,P1,5
789,P1,6
304,P1,5
47,P1,3
29,P1,8
714,P1,9
277,P1,5
297,P1,3
793,P1,5
455,P1,6
263,P1,9
243,P1,1
532,P1,6
344,P1,1
835,P1,5
911,P1,5
821,P1,6
608,P1,9
782,P1,9
316,P1,3
668,P1,8
687,P1,5
285,P1,7
615,P1,3
967,P1,9
307,P1,6
206,P1,7
14,P1,6
317,P1,9
232,P1,6
612,P1,6
269,P1,7
876,P1,1
189,P1,3
953,P1,7
279,P1,5
665,P1,6
634,P1,7
925,P1,2
6,P1,4
142,P1,3
631,P1,3
386,P1,1
117,P1,7
191,P1,4
168,P1,9
978,P1,2
939,P1,3
388,P1,3
522,P1,7
933,P1,7
399,P1,4
992,P1,2
299,P1,2
514,P1,1
982,P1,7
660,P1,4
814,P1,4
500,P1,3
570,P1,6
659,P1,9
212,P1,4
689,P1,7
660,P1,1
761,P1,3
7,P1,5
72,P1,7
654,P1,7
998,P1,1
145,P1,8
711,P1,8
967,P1,8
986,P1,2
958,P1,2
480,P1,4
670,P1,8
969,P1,4
850,P1,2
498,P1,7
741,P1,4
990,P1,9
94,P1,6
184,P1,9
162,P1,3
534,P1,5
383,P1,3
12,P1,9
15,P1,4
709,P1,9
290,P1,6
742,P1,5
165,P1,6
215,P1,8
9,P1,7
886,P1,2
263,P1,5
56,P1,9
998,P1,6
636,P1,7
892,P1,4
565,P1,3
111,P1,3
503,P1,4
616,P1,5
970,P1,7
406,P1,8
370,P1,5
918,P1,5
40,P1,9
768,P1,4
201,P1,5
468,P1,4
629,P1,1
787,P1,8
40,P1,6
442,P1,4
763,P1,1
563,P1,1
925,P1,2
949,P1,5
741,P1,8
715,P1,9
888,P1,5
313,P1,8
136,P1,1
579,P1,8
938,P1,4
677,P1,7
547,P1,2
552,P1,6
754,P1,9
373,P1,8
166,P1,3
766,P1,8
221,P1,8
498,P1,5
71,P1,3
729,P1,5
646,P1,1
614,P1,3
33,P1,7
208,P1,1
582,P1,2
574,P1,4
3,P1,7
629,P1,1
420,P1,2
512,P1,8
746,P1,2
420,P1,1
387,P1,6
865,P1,6
27,P1,2
962,P1,9
484,P1,7
587,P1,4
48,P1,4
406,P1,8
223,P1,5
364,P1,4
137,P1,2
775,P1,5
574,P1,5
8,P1,1
235,P1,9
601,P1,7
590,P1,5
791,P1,3
638,P1,2
946,P1,6
159,P1,8
668,P1,8
894,P1,6
432,P1,9
742,P1,4
884,P1,2
84,P1,5
240,P1,8
265,P1,6
472,P1,6
554,P1,5
630,P1,3
339,P1,9
585,P1,7
973,P1,6
609,P1,1
880,P1,5
773,P1,1
159,P1,7
60,P1,6
764,P1,6
62,P1,3
240,P1,3
552,P1,8
224,P1,5
869,P1,1
52,P1,7
691,P1,7
191,P1,2
279,P1,2
913,P1,4
80,P1,1
460,P1,1
308,P1,8
967,P1,1
308,P1,5
956,P1,1
557,P1,4
941,P1,2
649,P1,6
450,P1,7
653,P1,9
83,P1,3
302,P1,4
24,P1,6
784,P1,1
643,P1,3
500,P1,9
569,P1,3
802,P1,2
768,P1,8
593,P1,5
714,P1,2
546,P1,2
363,P1,7
353,P1,7
711,P1,8
780,P1,2
819,P1,9
721,P1,8
172,P1,9
436,P1,6
552,P1,9
781,P1,3
754,P1,1
158,P1,9
782,P1,1
295,P1,6
526,P1,5
725,P1,6
239,P1,2
951,P1,7
833,P1,5
194,P1,6
157,P1,7
958,P1,1
88,P1,3
225,P1,5
501,P1,7
598,P1,8
7,P1,2
133,P1,8
593,P1,2
632,P1,5
544,P1,3
205,P1,3
592,P1,1
152,P1,5
543,P1,7
764,P1,3
948,P1,1
395,P1,9
697,P1,3
573,P1,3
673,P1,4
559,P1,4
987,P1,3
520,P1,7
289,P1,5
303,P1,1
103,P1,1
326,P1,3
695,P1,4
446,P1,5
562,P1,3
537,P1,5
781,P1,8
505,P1,9
181,P1,3
927,P1,5
750,P1,2
269,P1,2
490,P1,8
304,P1,5
792,P1,3
74,P1,2
627,P1,3
637,P1,8
579,P1,5
612,P1,8
825,P1,1
274,P1,1
660,P1,7
743,P1,8
866,P1,1
843,P1,9
869,P1,9
50,P1,8
347,P1,9
380,P1,5
802,P1,6
437,P1,6
882,P1,4
119,P1,9
101,P1,1
792,P1,6
751,P1,9
300,P1,9
583,P1,7
469,P1,7
333,P1,4
440,P1,6
108,P1,7
327,P1,5
471,P1,1
882,P1,1
323,P1,8
965,P1,4
105,P1,9
826,P1,5
601,P1,3
332,P1,1
250,P1,4
729,P1,6
528,P1,8
273,P1,9
14,P1,9
133,P1,7
903,P1,4
136,P1,8
867,P1,1
579,P1,4
48,P1,3
758,P1,1
129,P1,4
178,P1,9
200,P1,9
115,P1,9
339,P1,5
520,P1,4
426,P1,5
629,P1,7
445,P1,6
735,P1,3
362,P1,7
262,P1,2
523,P1,6
797,P1,7
997,P1,9
525,P1,8
828,P1,5
952,P1,7
470,P1,6
804,P1,2
60,P1,3
990,P1,4
892,P1,3
657,P1,1
212,P1,2
932,P1,7
157,P1,5
556,P1,4
592,P1,5
489,P1,6
960,P1,3
843,P1,6
905,P1,3
734,P1,3
23,P1,1
354,P1,2
389,P1,6
322,P1,6
440,P1,6
146,P1,2
7,P1,6
991,P1,5
706,P1,9
663,P1,5
201,P1,5
12,P1,2
752,P1,5
297,P1,6
251,P1,6
52,P1,4
597,P1,6
609,P1,5
134,P1,6
684,P1,6
997,P1,8
874,P1,7
899,P1,4
404,P1,7
363,P1,5
888,P1,6
842,P1,4
761,P1,9
896,P1,2
280,P1,2
903,P1,1
477,P1,2
280,P1,4
414,P1,3
774,P1,9
648,P1,5
464,P1,6
560,P1,7
689,P1,2
45,P1,4
896,P1,6
803,P1,7
233,P1,1
619,P1,3
316,P1,5
380,P1,3
149,P1,3
92,P1,1
510,P1,3
677,P1,1
164,P1,6
517,P1,3
948,P1,8
381,P1,5
182,P1,8
683,P1,6
95,P1,2
965,P1,1
537,P1,1
101,P1,1
676,P1,8
897,P1,6
540,P1,1
308,P1,6
98,P1,9
870,P1,7
787,P1,4
983,P1,7
670,P1,1
634,P1,5
49,P1,3
468,P1,8
922,P1,3
644,P1,4
640,P1,9
325,P1,1
416,P1,3
145,P1,4
130,P1,4
302,P1,9
737,P1,9
991,P1,4
620,P1,3
875,P1,4
981,P1,8
427,P1,4
74,P1,8
894,P1,4
753,P1,9
846,P1,9
851,P1,4
216,P1,2
90,P1,2
687,P1,3
440,P1,4
398,P1,9
265,P1,5
719,P1,4
502,P1,4
186,P1,7
375,P1,6
131,P1,6
62,P1,8
679,P1,2
402,P1,9
349,P1,9
948,P1,2
423,P1,1
637,P1,7
861,P1,8
932,P1,2
341,P1,8
385,P1,6
908,P1,9
861,P1,3
873,P1,7
425,P1,4
919,P1,3
505,P1,1
296,P1,2
25,P1,6
153,P1,2
341,P1,9
806,P1,6
875,P1,8
674,P1,3
751,P1,4
552,P1,2
243,P1,7
167,P1,9
902,P1,2
867,P1,1
828,P1,4
527,P1,5
126,P1,5
838,P1,4
607,P1,1
963,P1,4
579,P1,1
492,P1,5
998,P1,5
194,P1,8
172,P1,9
413,P1,3
149,P1,7
466,P1,2
107,P1,6
307,P1,4
310,P1,2
745,P1,1
316,P1,5
668,P1,3
755,P1,2
946,P1,9
425,P1,7
983,P1,3
677,P1,4
754,P1,4
839,P1,7
59,P1,5
913,P1,7
380,P1,8
610,P1,4
159,P1,4
585,P1,5
436,P1,9
98,P1,8
243,P1,7
603,P1,6
689,P1,7
631,P1,7
70,P1,6
189,P1,6
659,P1,4
105,P1,6
31,P1,3
950,P1,6
500,P1,4
887,P1,4
585,P1,3
632,P1,5
718,P1,6
107,P1,1
80,P1,5
654,P1,3
577,P1,2
160,P1,1
796,P1,1
692,P1,7
814,P1,8
143,P1,2
426,P1,4
223,P1,4
448,P1,7
279,P1,9
650,P1,9
652,P1,4
776,P1,5
892,P1,6
754,P1,5
240,P1,8
180,P1,1
24,P1,2
477,P1,7
930,P1,5
774,P1,9
781,P1,1
256,P1,7
650,P1,8
54,P1,4
992,P1,7
642,P1,9
191,P1,5
460,P1,1
28,P1,6
849,P1,6
639,P1,2
804,P1,1
878,P1,1
606,P1,1
46,P1,4
167,P1,2
699,P1,2
153,P1,4
108,P1,8
503,P1,7
875,P1,1
633,P1,8
503,P1,6
128,P1,1
563,P1,4
499,P1,2
957,P1,8
268,P1,1
758,P1,2
203,P1,9
349,P1,2
55,P1,4
104,P1,1
726,P1,3
990,P1,5
742,P1,4
284,P1,9
416,P1,4
366,P1,8
830,P1,1
644,P1,8
615,P1,5
25,P1,8
355,P1,5
476,P1,7
885,P1,9
970,P1,8
33,P1,1
721,P1,8
988,P1,1
696,P1,7
479,P1,3
622,P1,4
783,P1,2
892,P1,5
533,P1,5
598,P1,5
313,P1,8
654,P1,2
141,P1,4
950,P1,1
364,P1,1
869,P1,2
80,P1,9
613,P1,8
612,P1,5
327,P1,1
433,P1,2
440,P1,2
832,P1,4
218,P1,9
253,P1,7
655,P1,5
852,P1,3
714,P1,3
218,P1,4
525,P1,1
992,P1,4
593,P1,2
947,P1,5
297,P1,7
123,P1,7
432,P1,2
150,P1,8
156,P1,8
114,P1,8
789,P1,3
985,P1,7
350,P1,4
653,P1,3
686,P1,2
751,P1,1
595,P1,8
937,P1,6
743,P1,2
595,P1,4
220,P1,9
886,P1,5
433,P1,5
46,P1,2
655,P1,7
945,P1,9
590,P1,6
763,P1,7
508,P1,1
580,P1,8
517,P1,5
723,P1,6
946,P1,4
309,P1,9
341,P1,9
247,P1,2
882,P1,2
526,P1,6
897,P1,5
822,P1,2
125,P1,1
624,P1,4
242,P1,3
494,P1,7
990,P1,8
911,P1,3
377,P1,4
633,P1,3
218,P1,4
631,P1,5
547,P1,1
835,P1,4
702,P1,6
5,P1,2
694,P1,1
881,P1,3
431,P1,5
119,P1,4
264,P1,6
615,P1,4
522,P1,7
556,P1,6
63,P1,5
280,P1,2
256,P1,5
97,P1,7
673,P1,1
91,P1,4
927,P1,8
63,P1,1
399,P1,2
363,P1,4
388,P1,1
658,P1,6
896,P1,2
936,P1,5
675,P1,1
60,P1,7
961,P1,4
844,P1,5
95,P1,9
3,P1,3
258,P1,6
316,P1,6
414,P1,6
632,P1,4
754,P1,7
605,P1,5
273,P1,4
176,P1,1
107,P1,6
91,P1,8
636,P1,9
179,P1,1
844,P1,4
424,P1,7
177,P1,6
644,P1,3
518,P1,3
813,P1,9
643,P1,2
901,P1,2
928,P1,2
275,P1,3
33,P1,3
191,P1,5
6,P1,7
181,P1,4
636,P1,2
194,P1,2
796,P1,2
366,P1,1
150,P1,8
663,P1,3
635,P1,2
823,P1,5
562,P1,8
762,P1,7
694,P1,2
278,P1,7
880,P1,3
678,P1,1
558,P1,9
494,P1,3
311,P1,8
953,P1,5
413,P1,8
586,P1,9
304,P1,8
220,P1,1
601,P1,7
858,P1,6
34,P1,7
544,P1,5
330,P1,9
775,P1,3
319,P1,1
422,P1,4
50,P1,1
336,P1,2
418,P1,6
853,P1,6
573,P1,4
666,P1,4
901,P1,3
117,P1,9
39,P1,8
338,P1,2
368,P1,2
255,P1,4
457,P1,8
208,P1,2
959,P1,6
901,P1,7
440,P1,7
423,P1,9
250,P1,1
929,P1,1
444,P1,5
704,P1,9
730,P1,8
531,P1,3
636,P1,2
782,P1,1
585,P1,3
586,P1,8
200,P1,2
578,P1,9
512,P1,2
432,P1,2
243,P1,5
120,P1,2
54,P1,8
786,P1,6
550,P1,8
429,P1,2
187,P1,2
93,P1,5
88,P1,5
530,P1,2
414,P1,5
3,P1,6
681,P1,5
493,P1,2
263,P1,5
212,P1,6
127,P1,2
640,P1,7
541,P1,9
836,P1,8
871,P1,8
487,P1,1
766,P1,9
26,P1,7
357,P1,9
633,P1,9
16,P1,5
687,P1,4
766,P1,1
980,P1,2
818,P1,3
92,P1,1
97,P1,8
807,P1,7
55,P1,6
791,P1,3
418,P1,8
391,P1,8
282,P1,8
762,P1,8
685,P1,2
433,P1,5
865,P1,2
678,P1,8
728,P1,8
678,P1,9
474,P1,9
162,P1,2
103,P1,6
340,P1,3
191,P1,4
604,P1,9
797,P1,5
332,P1,4
634,P1,6
101,P1,7
70,P1,2
707,P1,8
733,P1,7
686,P1,1
46,P1,5
784,P1,3
865,P1,1
622,P1,2
776,P1,4
366,P1,7
69,P1,6
302,P1,7
978,P1,8
318,P1,4
125,P1,4
549,P1,5
629,P1,2
339,P1,2
732,P1,2
5,P1,3
318,P1,4
493,P1,8
771,P1,6
183,P1,5
921,P1,7
945,P1,7
934,P1,8
775,P1,7
460,P1,2
497,P1,7
391,P1,8
886,P1,6
971,P1,6
523,P1,5
349,P1,8
452,P1,1
518,P1,2
303,P1,6
303,P1,6
42,P1,8
82,P1,6
581,P1,7
931,P1,2
113,P1,4
860,P1,7
524,P1,9
377,P1,5
292,P1,9
94,P1,4
847,P1,3
524,P1,9
150,P1,7
841,P1,3
389,P1,6
912,P1,4
614,P1,8
982,P1,8
867,P1,3
872,P1,4
792,P1,2
136,P1,3
475,P1,2
629,P1,8
426,P1,1
446,P1,3
834,P1,4
264,P1,6
994,P1,1
388,P1,8
223,P1,4
133,P1,9
376,P1,4
352,P1,9
245,P1,1
388,P1,1
38,P1,7
294,P1,8
132,P1,8
191,P1,4
368,P1,6
353,P1,3
524,P1,7
707,P1,8
675,P1,6
311,P1,3
21,P1,2
500,P1,7
685,P1,3
856,P1,9
886,P1,9
8,P1,1
174,P1,2
556,P1,8
466,P1,2
371,P1,3
599,P1,6
177,P1,3
870,P1,4
86,P1,1
792,P1,3
594,P1,2
176,P1,3
689,P1,2
329,P1,2
116,P1,7
359,P1,8
374,P1,1
294,P1,8
83,P1,8
204,P1,9
121,P1,6
870,P1,4
795,P1,8
824,P1,1
438,P1,4
564,P1,8
886,P1,4
498,P1,5
489,P1,9
296,P1,4
2,P1,9
210,P1,2
693,P1,2
936,P1,4
91,P1,3
107,P1,7
484,P1,5
324,P1,4
857,P1,9
714,P1,3
571,P1,8
513,P1,9
583,P1,8
847,P1,7
983,P1,8
855,P1,5
987,P1,3
71,P1,7
891,P1,7
814,P1,5
805,P1,1
305,P1,9
63,P1,9
459,P1,6
10,P1,3
967,P1,8
7,P1,9
965,P1,8
444,P1,6
126,P1,4
300,P1,5
987,P1,4
179,P1,7
638,P1,9
497,P1,4
808,P1,9
435,P1,9
511,P1,9
603,P1,4
479,P1,3
289,P1,5
791,P1,9
240,P1,8
20,P1,5
87,P1,4
197,P1,7
504,P1,8
366,P1,4
744,P1,3
338,P1,6
796,P1,1
250,P1,7
5,P1,6
974,P1,4
409,P1,4
792,P1,5
51,P1,5
72,P1,7
810,P1,9
166,P1,3
897,P1,9
351,P1,6
898,P1,7
592,P1,3
342,P1,5
411,P1,6
689,P1,2
102,P1,1
286,P1,1
294,P1,8
392,P1,8
966,P1,2
510,P1,1
612,P1,2
766,P1,6
725,P1,1
71,P1,4
419,P1,5
341,P1,4
575,P1,2
831,P1,7
519,P1,1
716,P1,5
772,P1,8
449,P1,6
120,P1,1
334,P1,9
867,P1,2
67,P1,6
962,P1,7
986,P1,5
27,P1,8
151,P1,4
155,P1,8
953,P1,8
318,P1,3
108,P1,5
241,P1,4
524,P1,6
334,P1,3
53,P1,9
514,P1,2
297,P1,8
350,P1,9
647,P1,1
560,P1,5
205,P1,8
751,P1,5
260,P1,5
574,P1,2
444,P1,8
611,P1,6
315,P1,5
195,P1,4
340,P1,3
251,P1,5
352,P1,5
656,P1,4
460,P1,9
998,P1,1
599,P1,7
836,P1,7
544,P1,4
398,P1,6
136,P1,8
102,P1,7
145,P1,7
411,P1,1
203,P1,4
888,P1,4
367,P1,5
861,P1,6
622,P1,1
907,P1,8
909,P1,2
79,P1,6
384,P1,3
61,P1,6
479,P1,1
886,P1,2
597,P1,7
131,P1,2
944,P1,1
600,P1,7
385,P1,9
804,P1,2
283,P1,7
604,P1,2
156,P1,2
710,P1,2
155,P1,3
438,P1,1
396,P1,1
261,P1,4
490,P1,6
949,P1,4
697,P1,4
760,P1,3
3,P1,9
645,P1,2
282,P1,1
768,P1,8
668,P1,1
438,P1,7
697,P1,6
982,P1,6
828,P1,1
905,P1,7
231,P1,1
315,P1,1
506,P1,7
406,P1,1
889,P1,6
810,P1,1
588,P1,9
417,P1,9
555,P1,6
291,P1,5
217,P1,3
17,P1,5
843,P1,6
602,P1,4
609,P1,2
864,P1,4
462,P1,8
550,P1,6
406,P1,8
723,P1,5
934,P1,1
521,P1,9
601,P1,7
11,P1,5
437,P1,7
940,P1,1
510,P1,1
37,P1,8
148,P1,9
71,P1,6
952,P1,5
167,P1,7
78,P1,8
44,P1,7
574,P1,9
583,P1,1
159,P1,8
531,P1,8
710,P1,7
53,P1,3
393,P1,7
997,P1,2
872,P1,3
1,P1,9
849,P1,3
796,P1,7
219,P1,3
858,P1,2
54,P1,8
836,P1,5
660,P1,1
520,P1,4
232,P1,5
495,P1,8
2,P1,3
942,P1,9
592,P1,6
375,P1,6
195,P1,3
283,P1,3
853,P1,3
784,P1,8
600,P1,1
367,P1,6
309,P1,5
197,P1,7
394,P1,2
262,P1,2
627,P1,7
713,P1,8
100,P1,9
7,P1,8
572,P1,3
666,P1,8
582,P1,4
88,P1,3
715,P1,6
75,P1,6
831,P1,7
439,P1,4
529,P1,3
605,P1,5
409,P1,4
847,P1,6
615,P1,6
212,P1,1
817,P1,3
822,P1,3
87,P1,7
773,P1,9
404,P1,7
757,P1,3
674,P1,4
731,P1,2
370,P1,6
941,P1,6
958,P1,9
597,P1,4
837,P1,9
6,P1,5
50,P1,2
808,P1,1
430,P1,8
63,P1,4
263,P1,9
199,P1,6
616,P1,7
52,P1,5
444,P1,6
727,P1,2
916,P1,9
69,P1,3
139,P1,9
913,P1,7
828,P1,7
441,P1,8
962,P1,8
484,P1,6
231,P1,6
527,P1,3
301,P1,3
181,P1,7
62,P1,8
232,P1,2
839,P1,9
817,P1,8
951,P1,4
987,P1,3
889,P1,6
691,P1,4
796,P1,8
716,P1,9
811,P1,8
948,P1,7
836,P1,3
70,P1,3
893,P1,7
14,P1,5
50,P1,6
210,P1,8
887,P1,6
68,P1,8
79,P1,8
390,P1,1
346,P1,9
620,P1,6
121,P1,5
257,P1,6
548,P1,4
261,P1,1
422,P1,7
933,P1,2
615,P1,1
169,P1,3
360,P1,6
10,P1,7
393,P1,5
919,P1,4
780,P1,5
962,P1,1
973,P1,4
47,P1,9
184,P1,6
615,P1,7
389,P1,2
359,P1,1
168,P1,9
377,P1,7
518,P1,3
866,P1,8
668,P1,5
844,P1,1
890,P1,8
442,P1,2
418,P1,9
382,P1,4
583,P1,5
540,P1,1
785,P1,6
931,P1,1
550,P1,4
882,P1,4
64,P1,9
512,P1,6
433,P1,4
134,P1,5
569,P1,3
545,P1,4
731,P1,7
77,P1,2
171,P1,6
240,P1,8
791,P1,8
193,P1,3
947,P1,9
962,P1,9
781,P1,4
582,P1,7
678,P1,9
366,P1,5
888,P1,6
204,P1,8
219,P1,7
102,P1,8
852,P1,6
949,P1,5
23,P1,2
193,P1,2
97,P1,8
682,P1,9
935,P1,4
949,P1,3
380,P1,8
226,P1,7
807,P1,1
469,P1,2
84,P1,8
463,P1,3
785,P1,8
777,P1,6
197,P1,5
528,P1,3
161,P1,6
248,P1,2
777,P1,9
333,P1,4
538,P1,4
111,P1,4
122,P1,5
37,P1,7
884,P1,3
227,P1,5
399,P1,5
110,P1,7
388,P1,2
297,P1,9
139,P1,5
393,P1,1
747,P1,1
697,P1,9
945,P1,6
366,P1,7
198,P1,6
488,P1,3
25,P1,3
202,P1,6
648,P1,9
989,P1,6
631,P1,9
35,P1,4
506,P1,7
939,P1,3
16,P1,7
474,P1,1
954,P1,4
472,P1,9
279,P1,8
983,P1,6
355,P1,6
691,P1,4
13,P1,4
395,P1,8
221,P1,8
112,P1,2
110,P1,1
429,P1,2
60,P1,5
400,P1,7
856,P1,5
657,P1,3
328,P1,2
674,P1,4
921,P1,4
393,P1,1
556,P1,6
208,P1,1
468,P1,9
889,P1,8
248,P1,8
684,P1,9
776,P1,2
687,P1,5
112,P1,4
572,P1,3
893,P1,3
85,P1,8
421,P1,3
407,P1,1
48,P1,8
576,P1,5
16,P1,4
110,P1,3
614,P1,6
220,P1,8
811,P1,2
1,P1,5
818,P1,3
971,P1,9
759,P1,9
225,P1,3
264,P1,7
122,P1,7
215,P1,6
351,P1,2
346,P1,9
118,P1,8
997,P1,1
540,P1,4
746,P1,8
41,P1,5
403,P1,6
513,P1,7
508,P1,9
812,P1,6
109,P1,4
382,P1,6
398,P1,5
924,P1,3
618,P1,7
931,P1,3
966,P1,5
895,P1,1
988,P1,2
166,P1,9
171,P1,9
985,P1,4
566,P1,6
496,P1,4
299,P1,4
71,P1,1
602,P1,9
495,P1,6
146,P1,6
884,P1,9
520,P1,2
556,P1,3
595,P1,6
851,P1,9
864,P1,4
344,P1,7
254,P1,4
540,P1,4
847,P1,6
32,P1,7
153,P1,8
146,P1,2
889,P1,6
23,P1,6
965,P1,1
776,P1,5
244,P1,7
919,P1,7
690,P1,5
935,P1,7
820,P1,4
856,P1,2
4,P1,8
8,P1,2
672,P1,2
699,P1,1
553,P1,1
126,P1,1
777,P1,8
905,P1,7
464,P1,6
769,P1,2
836,P1,4
155,P1,8
948,P1,3
764,P1,7
47,P1,9
778,P1,6
635,P1,4
523,P1,8
264,P1,2
514,P1,7
841,P1,7
599,P1,8
643,P1,8
413,P1,4
846,P1,5
603,P1,4
319,P1,5
821,P1,7
299,P1,5
48,P1,5
134,P1,7
609,P1,5
595,P1,2
552,P1,2
802,P1,2
200,P1,1
735,P1,8
716,P1,3
529,P1,1
716,P1,7
812,P1,4
131,P1,9
276,P1,7
404,P1,6
49,P1,2
629,P1,2
350,P1,5
680,P1,7
134,P1,3
934,P1,9
892,P1,7
607,P1,1
787,P1,4
604,P1,3
932,P1,6
256,P1,8
829,P1,6
462,P1,5
129,P1,2
736,P1,9
402,P1,8
166,P1,9
307,P1,5
793,P1,8
905,P1,8
94,P1,1
467,P1,4
489,P1,4
186,P1,8
657,P1,7
288,P1,7
441,P1,6
32,P1,1
416,P1,5
61,P1,1
563,P1,5
463,P1,1
85,P1,2
65,P1,5
786,P1,7
118,P1,1
162,P1,7
781,P1,7
733,P1,9
203,P1,2
717,P1,7
223,P1,4
134,P1,5
472,P1,3
966,P1,9
229,P1,8
904,P1,7
527,P1,2
22,P1,5
821,P1,7
82,P1,5
816,P1,4
819,P1,2
53,P1,8
641,P1,4
305,P1,4
574,P1,3
97,P1,9
705,P1,8
516,P1,7
507,P1,7
405,P1,9
406,P1,7
479,P1,7
321,P1,1
925,P1,2
973,P1,1
537,P1,8
673,P1,3
457,P1,5
835,P1,5
822,P1,1
413,P1,3
774,P1,9
866,P1,5
190,P1,3
144,P1,4
14,P1,7
803,P1,3
41,P1,8
521,P1,5
550,P1,3
362,P1,2
316,P1,7
872,P1,9
631,P1,3
30,P1,6
221,P1,8
450,P1,2
686,P1,4
124,P1,3
888,P1,5
160,P1,9
75,P1,1
918,P1,9
725,P1,1
248,P1,1
875,P1,1
344,P1,5
818,P1,3
851,P1,8
809,P1,8
674,P1,5
260,P1,8
73,P1,6
960,P1,3
414,P1,8
348,P1,6
278,P1,5
572,P1,9
26,P1,3
266,P1,7
110,P1,2
122,P1,8
44,P1,4
757,P1,7
132,P1,5
838,P1,2
46,P1,6
450,P1,1
744,P1,4
810,P1,2
881,P1,9
579,P1,6
828,P1,9
306,P1,1
377,P1,5
739,P1,1
96,P1,7
914,P1,3
273,P1,8
655,P1,1
867,P1,6
546,P1,9
871,P1,6
693,P1,4
736,P1,1
585,P1,5
610,P1,8
246,P1,9
897,P1,3
501,P1,9
825,P1,2
896,P1,1
939,P1,9
197,P1,7
759,P1,2
624,P1,8
891,P1,9
344,P1,5
610,P1,7
159,P1,8
794,P1,6
585,P1,3
953,P1,4
218,P1,6
379,P1,8
933,P1,1
541,P1,7
831,P1,5
874,P1,1
421,P1,3
527,P1,7
284,P1,2
292,P1,3
913,P1,2
524,P1,7
918,P1,2
635,P1,1
638,P1,7
865,P1,6
987,P1,6
835,P1,7
788,P1,1
812,P1,6
197,P1,4
903,P1,5
510,P1,1
938,P1,3
422,P1,4
30,P1,8
278,P1,5
274,P1,9
247,P1,8
396,P1,9
125,P1,6
720,P1,3
90,P1,2
197,P1,4
407,P1,5
129,P1,7
70,P1,2
576,P1,1
908,P1,1
83,P1,6
611,P1,8
314,P1,4
143,P1,8
831,P1,1
416,P1,4
281,P1,4
726,P1,1
25,P1,4
628,P1,4
452,P1,7
943,P1,7
20,P1,5
875,P1,3
418,P1,5
922,P1,3
514,P1,4
934,P1,3
424,P1,3
706,P1,2
255,P1,1
503,P1,8
755,P1,2
375,P1,5
285,P1,2
144,P1,8
856,P1,9
881,P1,2
918,P1,9
828,P1,9
362,P1,8
181,P1,8
315,P1,9
638,P1,1
311,P1,5
24,P1,4
576,P1,5
970,P1,8
314,P1,8
911,P1,9
309,P1,2
785,P1,2
273,P1,4
477,P1,6
946,P1,9
160,P1,4
983,P1,4
647,P1,9
404,P1,1
884,P1,2
57,P1,8
713,P1,2
306,P1,4
58,P1,3
662,P1,7
335,P1,5
986,P1,7
289,P1,6
624,P1,6
137,P1,4
510,P1,4
933,P1,7
873,P1,4
50,P1,8
661,P1,5
826,P1,2
76,P1,1
283,P1,8
300,P1,9
330,P1,4
58,P1,9
208,P1,4
199,P1,2
526,P1,9
742,P1,1
814,P1,7
474,P1,1
529,P1,7
510,P1,8
648,P1,5
718,P1,7
155,P1,4
992,P1,7
896,P1,5
157,P1,8
963,P1,9
596,P1,5
181,P1,6
854,P1,4
700,P1,4
226,P1,1
112,P1,3
958,P1,8
975,P1,5
356,P1,5
218,P1,5
610,P1,9
658,P1,7
386,P1,5
212,P1,2
919,P1,2
748,P1,4
686,P1,3
148,P1,8
368,P1,2
225,P1,8
753,P1,4
137,P1,2
818,P1,8
660,P1,3
219,P1,3
13,P1,8
392,P1,5
633,P1,8
33,P1,6
293,P1,2
173,P1,8
734,P1,3
424,P1,4
438,P1,5
716,P1,2
574,P1,4
734,P1,9
91,P1,3
697,P1,8
809,P1,6
294,P1,2
721,P1,7
220,P1,2
703,P1,1
250,P1,6
939,P1,7
564,P1,2
840,P1,1
861,P1,6
153,P1,1
658,P1,7
277,P1,1
346,P1,5
721,P1,3
587,P1,1
128,P1,5
222,P1,5
202,P1,7
549,P1,9
88,P1,2
910,P1,2
935,P1,8
104,P1,9
884,P1,4
909,P1,4
381,P1,5
256,P1,6
833,P1,6
713,P1,2
933,P1,3
653,P1,7
389,P1,6
154,P1,1
596,P1,1
366,P1,3
34,P1,5
233,P1,6
402,P1,1
699,P1,9
747,P1,3
109,P1,7
534,P1,1
598,P1,6
917,P1,9
900,P1,9
578,P1,7
652,P1,9
900,P1,1
179,P1,3
770,P1,2
338,P1,3
676,P1,5
912,P1,5
993,P1,1
860,P1,4
538,P1,4
757,P1,3
267,P1,4
787,P1,7
51,P1,2
187,P1,6
627,P1,4
38,P1,6
15,P1,7
74,P1,9
910,P1,8
289,P1,4
757,P1,3
491,P1,4
510,P1,5
143,P1,2
888,P1,1
160,P1,2
470,P1,1
617,P1,1
771,P1,2
261,P1,9
711,P1,1
936,P1,1
589,P1,2
648,P1,3
253,P1,5
844,P1,8
185,P1,4
936,P1,9
905,P1,4
112,P1,8
828,P1,4
837,P1,9
812,P1,1
644,P1,6
919,P1,5
346,P1,3
123,P1,3
786,P1,3
837,P1,5
976,P1,6
951,P1,7
822,P1,3
368,P1,5
831,P1,1
543,P1,1
952,P1,4
307,P1,9
453,P1,6
23,P1,9
332,P1,9
13,P1,8
686,P1,7
41,P1,2
427,P1,1
208,P1,7
210,P1,4
400,P1,2
82,P1,9
481,P1,3
591,P1,4
364,P1,1
244,P1,1
529,P1,4
235,P1,5
381,P1,1
565,P1,5
637,P1,8
79,P1,2
848,P1,3
467,P1,7
64,P1,4
462,P1,8
822,P1,8
105,P1,6
256,P1,7
906,P1,7
290,P1,7
3,P1,5
135,P1,1
15,P1,6
287,P1,5
494,P1,6
590,P1,7
85,P1,7
914,P1,9
976,P1,6
715,P1,2
447,P1,5
69,P1,1
961,P1,4
428,P1,4
484,P1,4
236,P1,2
46,P1,8
741,P1,3
500,P1,7
575,P1,8
286,P1,9
831,P1,5
251,P1,6
971,P1,7
760,P1,2
747,P1,9
540,P1,1
726,P1,7
80,P1,7
580,P1,2
541,P1,1
932,P1,9
149,P1,9
120,P1,9
419,P1,7
80,P1,5
815,P1,5
826,P1,7
324,P1,8
819,P1,7
211,P1,9
178,P1,5
492,P1,9
31,P1,2
920,P1,1
877,P1,6
40,P1,9
671,P1,5
891,P1,5
124,P1,2
8,P1,7
434,P1,5
605,P1,4
328,P1,1
579,P1,5
510,P1,2
73,P1,1
103,P1,1
647,P1,1
116,P1,9
889,P1,8
358,P1,7
334,P1,1
950,P1,5
924,P1,6
901,P1,5
613,P1,6
46,P1,1
232,P1,4
764,P1,2
947,P1,1
723,P1,6
683,P1,5
824,P1,3
164,P1,8
716,P1,7
925,P1,9
936,P1,6
67,P1,9
105,P1,7
811,P1,4
731,P1,1
951,P1,1
806,P1,6
478,P1,9
403,P1,6
828,P1,3
982,P1,3
49,P1,1
387,P1,6
791,P1,8
782,P1,3
385,P1,8
678,P1,9
379,P1,5
867,P1,4
66,P1,8
221,P1,3
620,P1,5
491,P1,1
845,P1,6
501,P1,6
291,P1,7
173,P1,5
569,P1,7
218,P1,8
257,P1,7
598,P1,8
437,P1,4
543,P1,4
31,P1,3
289,P1,7
346,P1,6
600,P1,1
755,P1,2
777,P1,5
297,P1,2
802,P1,2
28,P1,8
54,P1,7
106,P1,1
528,P1,1
503,P1,7
592,P1,6
804,P1,4
418,P1,9
867,P1,5
449,P1,2
163,P1,6
993,P1,5
781,P1,2
111,P1,1
999,P1,9
696,P1,5
613,P1,7
95,P1,2
415,P1,5
481,P1,8
839,P1,4
970,P1,8
552,P1,5
394,P1,7
948,P1,3
53,P1,3
904,P1,1
539,P1,1
183,P1,9
751,P1,8
525,P1,8
595,P1,1
596,P1,9
808,P1,8
551,P1,3
81,P1,1
171,P1,9
767,P1,9
844,P1,3
873,P1,3
695,P1,1
257,P1,1
441,P1,3
941,P1,8
285,P1,6
106,P1,1
651,P1,9
490,P1,7
963,P1,7
658,P1,6
88,P1,3
229,P1,5
949,P1,7
185,P1,3
949,P1,4
173,P1,7
967,P1,5
383,P1,1
832,P1,2
624,P1,6
185,P1,6
412,P1,7
974,P1,4
254,P1,8
385,P1,7
764,P1,4
686,P1,6
894,P1,8
861,P1,2
818,P1,6
690,P1,3
947,P1,4
37,P1,1
889,P1,4
454,P1,8
18,P1,5
795,P1,2
212,P1,9
454,P1,3
383,P1,2
133,P1,2
353,P1,4
54,P1,4
872,P1,4
706,P1,4
146,P1,3
359,P1,6
749,P1,6
552,P1,1
635,P1,2
303,P1,3
831,P1,7
269,P1,9
744,P1,9
136,P1,4
84,P1,2
627,P1,3
990,P1,9
924,P1,6
739,P1,8
29,P1,2
934,P1,5
616,P1,3
289,P1,6
90,P1,1
763,P1,5
995,P1,8
817,P1,1
815,P1,1
593,P1,7
744,P1,8
108,P1,3
302,P1,4
834,P1,3
811,P1,8
295,P1,5
123,P1,2
405,P1,6
697,P1,3
195,P1,9
737,P1,5
327,P1,4
351,P1,4
177,P1,8
359,P1,3
289,P1,3
759,P1,3
437,P1,4
277,P1,2
47,P1,1
227,P1,7
630,P1,9
348,P1,4
149,P1,7
952,P1,7
651,P1,7
790,P1,6
25,P1,4
348,P1,6
878,P1,9
705,P1,4
503,P1,8
745,P1,6
951,P1,9
948,P1,3
767,P1,2
753,P1,7
732,P1,7
216,P1,1
468,P1,8
88,P1,2
284,P1,3
784,P1,3
662,P1,4
127,P1,7
975,P1,1
837,P1,1
220,P1,2
458,P1,5
485,P1,2
763,P1,3
524,P1,1
428,P1,4
712,P1,1
242,P1,9
407,P1,2
750,P1,2
992,P1,9
989,P1,8
639,P1,4
32,P1,5
423,P1,6
333,P1,4
147,P1,1
605,P1,1
30,P1,2
908,P1,5
494,P1,3
877,P1,2
197,P1,1
708,P1,9
860,P1,8
500,P1,1
480,P1,7
940,P1,5
72,P1,2
792,P1,5
39,P1,9
629,P1,5
770,P1,4
880,P1,4
840,P1,2
490,P1,8
13,P1,1
29,P1,5
688,P1,5
415,P1,3
298,P1,4
44,P1,7
276,P1,1
951,P1,4
108,P1,3
774,P1,6
648,P1,1
90,P1,8
290,P1,9
730,P1,4
166,P1,5
671,P1,1
592,P1,1
612,P1,8
139,P1,3
330,P1,6
82,P1,9
977,P1,9
701,P1,1
851,P1,2
943,P1,4
679,P1,6
302,P1,8
129,P1,6
37,P1,1
854,P1,8
6,P1,5
362,P1,4
106,P1,1
811,P1,6
897,P1,7
463,P1,6
555,P1,6
746,P1,7
736,P1,8
469,P1,4
642,P1,4
26,P1,6
455,P1,9
427,P1,1
484,P1,1
889,P1,7
619,P1,1
266,P1,2
451,P1,5
590,P1,7
701,P1,9
286,P1,7
478,P1,9
499,P1,6
358,P1,5
746,P1,7
699,P1,3
206,P1,2
335,P1,8
880,P1,2
331,P1,4
205,P1,3
840,P1,1
383,P1,6
669,P1,9
318,P1,7
380,P1,4
413,P1,6
975,P1,6
499,P1,1
146,P1,6
10,P1,8
677,P1,3
296,P1,7
412,P1,6
440,P1,4
355,P1,5
131,P1,6
258,P1,6
511,P1,9
126,P1,3
43,P1,3
878,P1,9
110,P1,3
987,P1,6
169,P1,5
490,P1,9
791,P1,4
213,P1,3
643,P1,3
442,P1,2
563,P1,8
767,P1,2
180,P1,5
255,P1,1
228,P1,4
893,P1,2
493,P1,7
902,P1,5
544,P1,2
393,P1,9
649,P1,8
887,P1,7
822,P1,3
83,P1,4
35,P1,1
554,P1,6
414,P1,6
164,P1,4
93,P1,9
968,P1,8
901,P1,8
480,P1,5
453,P1,7
874,P1,7
174,P1,4
599,P1,3
407,P1,2
210,P1,3
713,P1,9
7,P1,2
344,P1,3
302,P1,7
718,P1,2
753,P1,8
230,P1,2
481,P1,5
391,P1,1
113,P1,2
460,P1,4
251,P1,8
461,P1,5
626,P1,4
678,P1,7
475,P1,4
775,P1,5
726,P1,8
584,P1,1
945,P1,1
568,P1,3
104,P1,8
871,P1,5
281,P1,7
856,P1,4
607,P1,3
467,P1,8
780,P1,1
913,P1,9
299,P1,7
854,P1,9
387,P1,6
163,P1,4
230,P1,5
913,P1,5
121,P1,7
924,P1,6
891,P1,5
788,P1,3
860,P1,7
879,P1,3
532,P4,1
570,P3,8
456,P4,8
871,P2,9
200,P2,9
756,P4,8
844,P4,3
336,P3,2
800,P3,8
819,P2,5
900,P2,2
714,P2,9
992,P2,9
717,P4,8
384,P2,9
409,P3,3
312,P2,8
159,P3,4
592,P4,9
188,P3,8
976,P4,5
886,P2,2
675,P4,2
286,P2,3
361,P4,1
295,P3,8
936,P2,9
190,P4,7
102,P3,6
327,P4,2
92,P2,7
788,P2,7
512,P2,6
54,P3,7
50,P4,6
693,P2,3
10,P2,7
696,P2,5
81,P3,2
272,P3,3
95,P3,2
955,P4,3
739,P4,1
674,P4,1
669,P2,8
662,P2,4
243,P3,1
978,P4,9
868,P2,5
430,P3,6
938,P4,1
341,P4,4
824,P2,1
58,P2,8
793,P4,6
432,P4,5
463,P2,8
957,P3,6
17,P4,1
830,P4,6
505,P4,5
885,P3,4
759,P3,6
597,P2,5
796,P3,9
388,P2,1
28,P4,9
691,P3,4
318,P3,1
204,P2,7
950,P2,9
212,P4,8
766,P3,4
260,P4,3
868,P3,4
480,P4,3
438,P4,8
917,P2,8
288,P2,7
597,P4,9
804,P3,9
418,P4,5
596,P3,3
131,P3,3
999,P3,7
710,P2,3
10,P4,7
331,P4,3
733,P3,4
214,P4,4
769,P2,7
788,P3,7
913,P2,9
870,P2,1
911,P3,1
594,P3,8
318,P3,8
35,P4,6
567,P4,7
174,P2,3
624,P3,2
499,P3,7
256,P4,7
496,P2,1
278,P4,7
991,P2,7
878,P3,3
489,P3,5
474,P3,9
805,P2,9
115,P2,4
952,P3,3
81,P4,5
261,P3,9
335,P2,4
534,P2,2
151,P4,3
599,P4,9
774,P4,3
331,P4,2
11,P4,4
287,P3,3
836,P3,4
455,P3,8
721,P2,3
169,P4,8
414,P3,7
673,P4,8
212,P2,8
288,P4,1
868,P3,4
426,P4,6
883,P4,7
767,P4,8
156,P2,9
151,P2,1
570,P4,5
459,P4,9
78,P4,4
31,P4,6
427,P2,6
684,P4,8
626,P2,2
527,P4,6
723,P4,9
33,P4,3
520,P4,7
886,P4,6
169,P4,5
872,P2,7
680,P4,7
838,P4,5
61,P4,7
148,P4,5
532,P2,9
13,P2,4
564,P4,2
841,P2,5
728,P4,7
260,P3,4
477,P2,1
677,P4,5
78,P2,2
153,P3,7
709,P3,6
608,P4,4
694,P4,1
327,P3,3
468,P3,9
505,P3,5
189,P4,3
190,P4,2
188,P3,8
20,P3,7
37,P4,4
605,P2,6
614,P2,9
79,P3,8
456,P2,7
404,P4,2
594,P3,5
786,P4,1
618,P3,1
470,P2,7
761,P2,5
710,P4,7
244,P4,6
187,P2,9
442,P3,4
560,P3,3
806,P3,8
718,P3,3
537,P3,1
864,P3,7
598,P3,1
544,P2,6
661,P4,4
379,P3,3
273,P3,5
235,P3,2
306,P4,6
428,P2,7
240,P2,3
604,P4,3
789,P3,1
94,P3,8
267,P4,3
319,P2,3
755,P3,7
277,P3,8
74,P2,8
352,P4,3
891,P4,6
743,P4,7
185,P4,4
230,P4,9
838,P3,6
260,P2,6
437,P4,5
298,P4,8
26,P4,5
452,P3,9
6,P4,4
272,P2,9
941,P3,5
398,P3,3
575,P4,4
160,P4,5
748,P3,9
162,P2,2
570,P3,6
908,P4,8
146,P3,5
97,P4,2
553,P3,7
754,P3,5
624,P4,8
615,P4,7
79,P4,6
899,P2,7
399,P4,9
340,P3,5
168,P3,5
588,P2,8
640,P3,4
14,P2,1
214,P2,1
707,P2,4
686,P4,8
496,P4,5
752,P3,2
121,P4,5
246,P4,3
302,P3,1
827,P4,6
314,P4,4
377,P3,1
150,P4,2
871,P3,3
635,P3,6
75,P3,8
100,P3,9
128,P3,7
890,P2,3
379,P3,6
845,P4,4
749,P4,3
472,P2,2
79,P4,6
50,P4,8
125,P2,9
149,P2,5
278,P2,8
969,P3,2
210,P4,8
124,P4,7
620,P4,6
566,P3,6
797,P3,7
664,P3,7
819,P4,7
323,P3,9
627,P3,8
714,P3,1
317,P2,8
674,P3,7
974,P4,1
294,P2,4
545,P4,9
619,P2,1
383,P2,8
540,P4,5
389,P3,1
267,P3,8
742,P2,7
124,P3,3
893,P3,3
508,P2,5
132,P3,1
328,P3,5
212,P4,2
30,P4,1
146,P3,7
537,P4,9
162,P2,9
634,P2,3
510,P4,2
812,P4,4
292,P4,6
818,P4,9
176,P2,3
562,P4,7
520,P2,7
203,P4,2
846,P4,9
126,P4,6
429,P2,8
859,P2,2
602,P4,7
376,P2,5
313,P3,7
607,P3,3
492,P3,1
589,P4,3
702,P4,5
427,P2,9
534,P3,2
918,P3,9
133,P4,1
852,P4,5
379,P4,4
48,P4,9
157,P2,5
177,P4,5
671,P3,9
887,P2,4
784,P3,5
820,P4,1
270,P4,3
280,P2,3
828,P3,1
458,P2,9
693,P4,9
461,P4,9
763,P4,6
110,P4,4
591,P4,5
923,P2,7
884,P2,7
626,P2,4
259,P3,9
24,P3,6
797,P3,8
394,P2,3
513,P3,1
10,P4,4
318,P3,9
297,P4,6
437,P3,9
636,P4,1
195,P4,7
475,P4,2
508,P3,1
1,P3,8
417,P4,1
866,P4,7
156,P2,5
794,P2,2
182,P4,5
135,P4,2
11,P3,6
812,P3,4
828,P3,7
278,P3,8
113,P3,9
121,P4,7
289,P3,9
971,P3,6
792,P4,1
449,P2,3
995,P2,1
296,P2,3
222,P2,1
459,P3,6
177,P4,1
939,P3,9
781,P3,5
568,P4,4
770,P2,6
797,P3,6
249,P3,1
548,P4,9
633,P4,3
484,P3,1
154,P4,1
332,P2,9
207,P4,4
72,P3,4
510,P3,6
415,P4,1
178,P2,7
566,P4,1
879,P4,8
352,P3,9
716,P3,5
792,P3,8
308,P4,2
542,P3,4
396,P4,1
36,P4,8
459,P3,9
583,P2,9
62,P2,1
654,P3,5
716,P3,3
104,P3,8
958,P3,2
669,P2,3
896,P2,3
567,P2,6
191,P3,8
674,P2,9
898,P3,4
340,P2,7
75,P4,5
16,P3,3
241,P4,8
919,P3,6
847,P4,6
464,P2,5
613,P2,5
935,P3,7
806,P2,3
997,P3,3
505,P2,2
510,P4,6
747,P2,4
617,P4,4
145,P3,5
241,P3,4
184,P3,9
413,P4,6
389,P3,5
681,P2,2
533,P4,1
93,P4,5
315,P4,6
684,P3,4
674,P4,8
638,P4,8
10,P3,9
586,P4,5
510,P2,2
514,P3,2
729,P4,6
825,P3,1
254,P3,5
338,P2,2
106,P3,9
54,P4,3
580,P4,8
401,P2,6
207,P2,5
123,P4,8
819,P4,5
194,P3,1
840,P4,6
909,P4,6
54,P3,6
344,P4,4
567,P3,8
303,P3,4
349,P3,8
860,P2,5
636,P4,1
482,P4,7
295,P2,9
670,P2,2
874,P4,7
575,P2,3
666,P4,1
112,P4,9
608,P3,4
521,P2,9
540,P4,3
682,P4,3
611,P2,9
656,P3,2
313,P4,3
665,P4,1
573,P4,6
242,P4,7
436,P2,2
380,P2,1
614,P2,1
458,P2,7
248,P2,5
114,P3,3
596,P3,1
617,P4,2
896,P4,5
524,P3,9
228,P3,3
971,P3,8
453,P3,1
204,P2,8
680,P3,6
299,P3,2
730,P2,5
791,P4,2
134,P4,6
302,P4,3
227,P4,1
966,P4,4
673,P4,6
898,P2,6
864,P3,9
217,P2,7
384,P3,9
758,P3,7
281,P2,7
578,P2,8
759,P4,6
838,P2,5
27,P3,2
352,P2,2
921,P2,6
278,P4,1
500,P4,9
843,P3,4
403,P2,8
39,P2,8
557,P3,7
127,P4,6
831,P4,8
12,P2,2
323,P3,8
570,P2,1
588,P4,5
50,P4,4
382,P3,7
695,P3,5
399,P3,3
390,P4,3
478,P4,9
407,P3,7
185,P3,7
28,P2,9
634,P3,1
874,P4,5
895,P2,2
972,P2,3
647,P3,7
524,P2,7
187,P3,7
526,P4,4
735,P2,7
112,P3,2
360,P2,6
278,P2,9
720,P3,4
43,P4,8
929,P2,7
794,P2,7
218,P4,9
704,P3,1
173,P4,2
886,P3,2
947,P2,1
664,P2,4
113,P2,2
835,P4,1
940,P3,6
927,P3,4
258,P3,8
31,P2,2
910,P4,5
6,P3,3
519,P3,3
634,P4,3
277,P3,6
411,P4,7
951,P2,5
50,P3,9
211,P2,8
646,P2,8
474,P3,9
726,P2,9
566,P4,3
48,P3,3
191,P2,2
111,P2,2
692,P3,9
795,P2,4
788,P3,7
360,P2,2
670,P3,3
636,P4,9
332,P2,3
153,P4,7
380,P3,2
805,P2,7
828,P2,8
138,P4,4
180,P3,1
988,P2,4
46,P4,6
889,P4,2
398,P4,8
704,P4,7
177,P2,3
295,P3,3
467,P2,6
676,P3,3
821,P3,7
148,P4,6
272,P3,9
223,P3,3
699,P3,8
943,P3,9
112,P4,9
648,P3,1
648,P3,8
451,P4,5
885,P3,5
613,P2,3
349,P2,1
765,P2,6
324,P4,8
38,P3,6
353,P2,7
234,P3,6
469,P2,9
552,P2,5
281,P3,9
326,P3,9
486,P2,6
137,P2,9
717,P3,2
766,P2,4
727,P2,9
346,P4,6
812,P4,5
602,P2,1
395,P4,2
670,P3,2
308,P4,2
618,P4,4
358,P4,2
731,P2,4
80,P2,4
484,P4,7
953,P4,4
47,P3,8
87,P3,6
463,P3,5
997,P4,6
830,P2,1
149,P3,9
821,P2,2
450,P2,8
505,P2,9
630,P3,2
729,P3,8
764,P4,9
944,P3,9
493,P3,8
89,P4,2
597,P2,6
139,P3,2
940,P2,8
609,P2,4
226,P2,1
864,P3,4
613,P2,2
986,P2,9
102,P4,3
245,P2,7
419,P4,7
151,P4,4
190,P3,4
841,P4,2
690,P3,9
510,P3,7
907,P2,4
701,P2,2
360,P4,3
882,P2,1
861,P3,6
266,P4,1
326,P4,3
94,P4,3
800,P3,4
284,P3,1
591,P4,6
804,P4,8
21,P2,3
308,P4,7
173,P4,3
324,P2,4
940,P2,7
207,P2,4
579,P4,6
371,P2,6
863,P4,5
262,P3,4
940,P4,8
413,P4,3
544,P4,8
983,P3,4
351,P2,2
704,P2,3
967,P3,2
819,P4,4
244,P2,3
974,P3,8
297,P2,6
932,P4,7
841,P3,5
656,P4,4
298,P4,3
748,P4,3
824,P2,5
86,P4,7
70,P2,3
315,P4,6
994,P2,5
797,P4,1
997,P2,5
995,P3,4
967,P3,6
844,P3,9
843,P4,2
785,P2,2
82,P3,7
536,P3,4
539,P4,7
389,P2,1
833,P2,9
937,P2,3
912,P4,5
413,P3,3
277,P3,8
591,P3,5
487,P2,4
871,P3,5
135,P2,6
920,P2,2
883,P2,3
865,P4,7
108,P2,8
42,P4,2
900,P2,3
167,P2,6
453,P3,5
587,P4,5
814,P2,3
108,P2,6
691,P2,6
131,P4,9
920,P3,1
397,P4,3
406,P2,2
393,P2,6
87,P4,4
144,P2,2
974,P2,8
100,P2,2
83,P2,9
979,P3,7
522,P3,9
990,P4,1
527,P2,8
914,P2,1
453,P3,1
599,P3,8
567,P4,5
481,P4,8
72,P3,1
872,P3,8
619,P2,5
272,P3,4
326,P3,7
600,P3,3
451,P2,3
708,P4,9
610,P2,1
16,P2,2
315,P2,8
953,P2,8
152,P4,6
560,P4,2
266,P3,5
713,P3,4
540,P3,3
179,P4,3
351,P4,1
536,P3,1
282,P3,7
604,P3,4
825,P2,6
632,P3,4
101,P2,6
712,P4,2
12,P2,3
515,P2,2
665,P3,8
55,P4,2
663,P3,7
273,P4,7
194,P2,2
823,P2,6
107,P4,6
330,P3,2
784,P4,7
242,P4,1
356,P3,1
153,P4,2
983,P2,3
634,P3,8
560,P3,5
418,P3,9
143,P2,9
128,P4,7
166,P3,6
872,P2,2
368,P3,4
886,P3,6
257,P2,3
635,P4,2
665,P2,7
281,P4,6
42,P3,2
60,P2,7
95,P4,4
885,P4,1
621,P2,7
128,P2,6
60,P3,9
529,P2,5
632,P3,1
822,P4,5
567,P3,8
403,P3,9
376,P4,3
471,P4,2
890,P3,3
230,P4,3
998,P2,5
206,P3,9
203,P2,4
422,P2,9
153,P2,9
203,P2,4
364,P2,7
564,P4,8
766,P2,2
161,P2,3
924,P4,7
214,P2,3
294,P4,1
548,P2,2
874,P2,4
485,P4,6
15,P3,7
871,P3,5
999,P2,6
836,P3,6
171,P2,6
72,P2,1
368,P3,1
816,P4,9
146,P4,6
542,P3,8
540,P2,3
667,P3,6
365,P3,2
503,P4,8
258,P2,9
2,P4,6
877,P2,5
719,P2,3
568,P2,2
171,P2,5
903,P3,3
820,P2,4
403,P2,8
217,P4,5
249,P4,6
137,P4,8
319,P2,7
380,P2,8
573,P2,6
751,P4,7
328,P3,1
759,P2,6
981,P3,3
671,P3,5
354,P3,8
570,P3,7
180,P4,3
329,P4,9
70,P2,5
308,P4,3
292,P2,2
662,P2,8
605,P4,6
32,P4,4
563,P3,8
253,P4,6
222,P4,9
53,P2,5
54,P2,3
823,P2,7
924,P2,1
73,P2,5
108,P3,4
775,P4,7
878,P2,4
594,P2,5
765,P2,7
18,P2,5
850,P3,3
170,P4,1
508,P4,1
827,P4,1
515,P2,3
415,P2,5
405,P3,4
370,P4,9
105,P3,4
308,P2,8
331,P4,8
387,P4,7
217,P4,7
347,P4,9
160,P4,2
500,P3,9
384,P4,4
512,P2,9
877,P2,9
52,P2,9
684,P3,6
176,P4,5
496,P4,7
715,P3,5
191,P2,4
460,P3,2
711,P2,4
349,P2,5
694,P3,7
516,P3,3
534,P4,4
410,P2,1
55,P2,5
170,P2,2
594,P4,1
473,P3,9
645,P4,8
790,P4,1
278,P2,9
303,P2,8
69,P2,7
706,P4,4
598,P4,7
952,P3,4
444,P4,5
578,P2,1
96,P4,6
719,P3,8
993,P2,4
557,P2,8
331,P2,4
784,P3,2
243,P3,4
987,P4,9
876,P3,4
904,P3,2
141,P3,3
102,P3,9
88,P3,3
495,P3,3
314,P2,7
998,P3,9
515,P4,1
892,P2,6
345,P3,3
440,P3,5
596,P4,4
822,P3,4
204,P4,4
410,P4,9
967,P3,4
685,P3,6
357,P4,1
776,P4,2
628,P2,6
762,P3,6
578,P4,6
812,P2,5
799,P4,4
244,P2,9
407,P4,6
811,P4,9
361,P4,6
365,P4,3
524,P3,4
513,P2,8
985,P2,7
647,P2,9
223,P2,9
774,P3,9
593,P4,2
88,P3,1
48,P4,4
561,P2,4
150,P3,4
658,P4,5
270,P3,7
903,P4,6
228,P3,4
307,P4,1
859,P2,9
652,P2,8
825,P4,5
234,P4,3
342,P2,5
56,P2,1
958,P2,8
712,P3,2
490,P3,2
742,P3,5
249,P2,2
604,P3,8
855,P2,6
835,P3,1
645,P3,8
625,P4,3
564,P4,2
202,P2,9
370,P3,9
775,P2,9
138,P4,2
299,P4,7
950,P2,2
941,P4,4
294,P3,2
477,P2,9
745,P4,7
362,P2,8
496,P2,5
499,P3,6
860,P3,1
880,P2,9
34,P4,2
275,P4,1
980,P2,4
136,P2,1
25,P4,3
472,P2,2
438,P2,2
213,P4,6
53,P2,6
258,P3,1
802,P2,3
292,P2,5
757,P2,8
387,P3,5
656,P2,8
846,P3,4
85,P2,6
105,P3,3
909,P2,6
514,P3,4
748,P3,9
5,P4,4
206,P3,4
356,P3,1
180,P4,6
290,P3,1
873,P3,6
460,P4,9
280,P3,5
495,P4,9
474,P3,7
999,P3,2
48,P3,7
405,P4,6
80,P2,2
436,P2,3
175,P2,6
892,P4,1
716,P2,1
112,P3,5
873,P2,3
173,P4,1
744,P4,9
277,P4,9
646,P2,5
751,P4,6
275,P2,7
682,P2,7
817,P3,7
381,P2,8
403,P3,7
36,P3,9
564,P3,3
957,P2,4
129,P4,4
409,P3,5
997,P3,3
821,P2,5
181,P2,1
187,P3,4
83,P3,5
302,P2,1
763,P4,2
423,P2,6
739,P2,9
933,P3,9
284,P2,7
923,P2,4
573,P4,8
124,P4,3
167,P4,8
504,P2,2
49,P4,5
69,P2,1
109,P3,8
755,P2,6
184,P2,4
797,P4,4
54,P2,7
423,P2,6
819,P3,4
383,P4,2
370,P4,2
831,P2,9
72,P3,8
18,P2,7
670,P3,1
21,P2,9
870,P2,5
558,P4,4
272,P3,7
272,P3,2
464,P2,4
469,P4,5
509,P3,2
69,P3,4
289,P3,6
622,P3,5
293,P4,6
87,P4,1
123,P2,4
463,P4,5
135,P2,7
737,P2,3
863,P4,3
818,P2,3
442,P3,6
570,P3,1
429,P3,9
983,P3,9
843,P4,8
527,P2,2
217,P3,5
725,P2,7
780,P2,8
232,P3,9
885,P3,9
603,P3,4
854,P2,9
579,P2,8
567,P2,8
932,P3,4
402,P3,1
958,P3,3
332,P4,4
568,P3,2
469,P4,9
468,P4,9
354,P4,1
578,P2,3
439,P2,4
654,P3,9
695,P4,8
982,P2,2
524,P3,1
270,P2,6
643,P2,2
947,P3,3
752,P3,2
450,P4,3
682,P3,6
186,P2,7
387,P3,4
24,P2,1
665,P2,9
505,P3,4
703,P2,2
73,P4,1
721,P3,6
940,P4,1
137,P3,2
660,P3,6
985,P4,1
320,P4,3
550,P2,5
877,P3,4
716,P2,5
28,P4,1
198,P4,7
626,P3,2
130,P3,6
831,P4,2
19,P3,5
180,P2,5
763,P3,2
672,P2,4
963,P4,2
455,P3,7
994,P3,1
763,P4,8
382,P2,6
435,P2,6
58,P4,4
378,P3,7
46,P2,7
219,P2,3
587,P4,6
659,P2,9
117,P4,2
73,P4,2
436,P2,2
574,P3,4
492,P2,6
180,P2,3
564,P2,5
474,P2,8
814,P4,1
133,P2,8
118,P4,8
495,P2,3
538,P3,7
927,P2,1
228,P2,8
789,P3,8
279,P4,1
173,P3,3
178,P2,5
256,P4,7
698,P2,4
584,P2,2
641,P3,8
467,P3,9
645,P4,8
280,P4,8
326,P2,9
54,P3,5
200,P4,4
824,P4,9
666,P2,3
642,P3,3
6,P2,1
451,P2,3
140,P4,9
520,P3,7
943,P2,4
972,P4,1
265,P3,8
635,P4,6
82,P2,5
2,P3,7
719,P4,6
801,P2,6
371,P3,2
539,P2,8
82,P3,5
739,P3,5
584,P3,9
853,P4,6
442,P4,2
154,P4,1
858,P3,3
341,P2,8
151,P2,1
219,P4,1
777,P3,8
630,P4,6
135,P2,6
627,P4,9
536,P2,9
660,P2,7
58,P3,8
104,P3,8
657,P4,4
694,P3,8
977,P2,8
417,P2,1
435,P4,1
382,P4,3
884,P3,6
255,P3,9
253,P2,1
871,P3,6
231,P4,4
327,P4,6
405,P3,9
747,P3,8
994,P2,6
781,P4,3
384,P3,6
525,P2,4
90,P3,6
638,P3,9
189,P3,2
273,P3,6
970,P2,8
274,P2,6
306,P4,4
441,P3,2
887,P4,8
352,P3,2
65,P3,1
441,P3,5
189,P3,4
117,P2,4
821,P4,4
461,P4,9
249,P2,4
749,P3,7
337,P3,2
870,P3,4
338,P2,8
670,P2,8
864,P2,8
869,P4,6
412,P4,8
690,P2,8
518,P2,3
974,P3,2
911,P2,4
601,P2,6
812,P3,5
167,P4,8
508,P4,1
399,P3,7
996,P3,5
977,P4,3
290,P4,1
413,P3,3
895,P3,1
406,P3,4
897,P3,2
778,P2,8
833,P2,4
864,P2,6
781,P3,3
265,P3,5
492,P2,5
142,P4,8
721,P4,2
759,P3,3
697,P2,1
619,P3,4
770,P2,3
673,P2,7
819,P4,7
270,P4,2
391,P4,1
197,P3,2
346,P3,7
710,P2,3
917,P3,7
777,P4,6
132,P3,9
960,P2,8
506,P4,1
999,P4,5
284,P2,7
22,P3,5
965,P4,8
58,P2,1
373,P3,1
765,P4,2
927,P2,7
177,P3,2
772,P2,1
836,P2,9
947,P4,9
520,P2,8
449,P4,2
884,P3,2
38,P3,1
576,P3,1
277,P2,5
483,P2,6
360,P3,6
688,P4,6
583,P3,7
471,P4,4
734,P2,2
466,P3,8
85,P2,8
103,P3,8
129,P3,4
748,P4,4
315,P4,5
807,P4,5
421,P4,4
381,P3,4
750,P3,3
10,P2,5
604,P3,9
995,P2,6
822,P3,6
345,P4,9
397,P2,7
772,P3,1
653,P4,5
22,P4,1
748,P4,3
288,P4,3
717,P4,3
950,P3,4
682,P2,1
734,P4,3
295,P2,1
555,P2,2
716,P4,2
106,P3,1
215,P2,7
741,P3,7
314,P3,6
981,P3,6
907,P4,7
732,P2,5
269,P3,7
23,P2,5
58,P4,8
929,P4,1
478,P2,3
44,P2,4
265,P3,1
960,P2,1
621,P2,3
936,P2,4
749,P4,3
91,P3,8
945,P2,8
398,P2,9
621,P2,5
517,P3,9
781,P4,3
122,P4,8
53,P4,1
102,P2,1
349,P3,7
822,P2,7
121,P3,4
958,P2,4
835,P4,9
808,P3,5
339,P3,1
926,P3,2
706,P3,7
974,P2,9
700,P4,7
890,P2,3
673,P2,9
64,P3,9
500,P3,7
858,P2,3
325,P2,9
220,P3,1
203,P2,2
335,P2,7
742,P4,8
145,P3,9
455,P4,2
269,P2,6
860,P4,5
378,P3,9
625,P3,5
44,P2,6
182,P3,6
362,P3,6
818,P2,8
761,P3,6
664,P2,6
713,P3,1
590,P4,9
445,P3,2
622,P4,3
852,P2,7
199,P4,9
748,P4,9
980,P4,6
340,P3,9
661,P3,5
728,P4,8
388,P4,6
401,P4,6
968,P2,2
465,P2,6
897,P2,7
385,P3,3
359,P2,5
88,P4,2
114,P3,8
930,P2,1
519,P3,9
5,P4,8
465,P4,6
545,P3,7
753,P2,9
247,P4,9
208,P4,1
898,P3,2
861,P3,5
532,P4,3
730,P4,5
609,P3,7
806,P3,7
695,P2,2
778,P4,7
979,P4,9
466,P4,8
335,P2,4
888,P4,6
879,P2,5
256,P2,8
517,P4,9
407,P4,8
413,P2,9
316,P4,4
566,P4,8
512,P2,2
379,P3,3
222,P3,7
689,P2,9
307,P4,3
148,P4,5
187,P3,7
597,P3,2
543,P4,9
327,P2,9
662,P3,8
948,P3,8
960,P2,4
523,P3,7
318,P3,5
333,P3,1
66,P4,3
534,P2,1
132,P2,4
794,P3,8
282,P4,4
812,P4,1
951,P2,2
321,P2,5
979,P3,5
442,P3,8
231,P4,6
968,P3,2
196,P2,4
654,P2,1
731,P4,4
600,P2,1
244,P2,2
711,P2,5
393,P4,8
505,P4,3
996,P3,1
843,P4,6
65,P4,6
651,P3,5
278,P3,1
211,P2,8
835,P3,7
182,P4,1
457,P2,9
478,P2,2
116,P4,7
759,P4,8
359,P3,4
985,P4,7
938,P4,8
91,P3,4
106,P2,2
543,P4,8
38,P4,7
894,P4,4
774,P4,9
574,P4,9
361,P3,3
884,P3,5
520,P2,5
421,P3,6
140,P2,1
370,P3,5
923,P4,5
61,P3,8
638,P3,4
856,P2,5
393,P4,6
670,P4,2
826,P4,9
292,P2,5
484,P3,3
116,P2,8
375,P2,6
711,P2,4
140,P3,3
364,P4,4
625,P3,2
988,P2,5
691,P2,7
149,P2,5
482,P2,1
180,P2,8
783,P2,3
862,P2,7
940,P4,7
822,P2,1
455,P2,6
744,P2,5
566,P2,2
975,P4,5
755,P2,3
368,P4,8
212,P4,9
459,P2,1
791,P4,2
490,P3,1
915,P3,2
111,P2,4
813,P2,1
408,P4,8
496,P4,2
365,P3,7
483,P4,8
526,P4,9
16,P4,7
79,P4,3
313,P3,7
856,P2,5
495,P3,2
292,P4,4
136,P2,2
159,P4,7
436,P3,8
132,P2,7
208,P4,5
423,P3,2
276,P3,9
839,P4,9
341,P2,4
28,P2,2
249,P4,9
392,P3,3
977,P2,6
747,P3,9
802,P2,3
997,P3,6
25,P4,9
658,P2,5
438,P2,8
402,P3,3
34,P4,5
566,P4,5
498,P3,4
554,P3,5
211,P3,6
693,P4,5
169,P2,8
69,P2,6
104,P3,3
903,P2,9
507,P2,4
997,P2,9
536,P3,9
240,P3,7
105,P4,2
293,P4,5
438,P2,2
678,P2,6
234,P4,6
222,P2,3
903,P2,9
983,P4,4
690,P2,3
396,P4,4
932,P4,5
661,P3,4
128,P3,4
779,P4,2
192,P3,9
163,P4,5
248,P2,9
474,P2,5
783,P2,9
713,P4,3
261,P3,8
313,P3,8
485,P3,2
861,P3,5
497,P4,4
132,P2,6
736,P2,5
401,P2,3
503,P4,5
22,P4,3
667,P2,5
836,P3,9
641,P2,5
303,P2,7
257,P3,8
474,P3,1
996,P4,9
300,P3,3
436,P4,1
201,P2,6
970,P2,3
872,P3,3
907,P3,3
491,P4,1
454,P3,6
303,P3,9
643,P3,3
185,P4,8
165,P2,1
312,P3,3
890,P2,4
557,P4,3
732,P2,3
793,P2,3
763,P2,5
94,P4,1
587,P4,3
759,P2,2
811,P2,8
268,P2,7
287,P4,1
798,P3,7
297,P3,8
987,P2,7
141,P3,5
987,P2,8
122,P4,5
677,P4,5
584,P3,9
295,P4,9
264,P4,7
372,P4,1
328,P3,8
452,P4,8
128,P4,9
604,P4,4
864,P4,9
384,P3,1
391,P2,6
241,P4,6
819,P2,2
423,P2,5
342,P2,5
579,P3,8
763,P2,9
605,P2,7
484,P3,2
756,P3,9
976,P2,5
905,P2,4
990,P3,6
875,P4,2
613,P2,2
624,P2,6
823,P2,5
583,P3,8
276,P2,3
161,P2,2
205,P4,9
718,P2,7
400,P4,5
678,P2,5
44,P3,3
693,P3,4
871,P3,8
853,P4,1
41,P4,5
567,P3,9
991,P4,5
470,P2,2
530,P4,7
171,P2,6
299,P3,3
633,P2,7
180,P3,5
558,P3,4
687,P3,7
115,P4,9
211,P2,2
87,P2,3
74,P2,2
282,P3,3
383,P2,4
370,P2,6
798,P2,7
376,P2,4
18,P4,5
452,P4,9
802,P4,5
676,P2,5
628,P3,8
717,P3,3
147,P2,4
750,P4,4
393,P2,2
187,P2,1
795,P2,7
37,P3,5
448,P2,2
393,P2,9
791,P3,6
422,P3,5
129,P4,2
648,P3,4
617,P2,8
532,P3,4
941,P3,7
748,P2,4
547,P4,8
351,P2,4
87,P3,7
748,P4,1
743,P3,5
889,P2,8
144,P3,7
429,P3,9
215,P3,3
194,P3,7
988,P2,9
979,P3,4
955,P4,1
984,P3,1
909,P3,5
732,P4,2
15,P4,6
435,P4,4
933,P4,6
498,P3,1
469,P2,6
333,P4,1
446,P4,4
249,P3,6
196,P4,4
865,P2,1
307,P4,1
132,P2,1
692,P2,3
309,P4,3
9,P4,5
379,P2,4
48,P2,1
591,P3,3
90,P2,8
434,P2,1
418,P2,5
791,P3,1
461,P3,2
513,P2,4
222,P2,1
551,P3,6
773,P3,1
151,P3,7
371,P3,9
213,P3,3
381,P4,8
90,P2,3
673,P3,5
491,P4,2
992,P4,6
88,P4,6
425,P4,3
289,P2,3
851,P2,7
144,P3,2
931,P4,8
841,P4,3
984,P4,7
660,P4,3
351,P3,4
22,P3,3
273,P2,7
619,P3,3
960,P3,9
299,P2,4
89,P2,4
491,P2,8
889,P2,4
476,P4,9
378,P3,1
96,P2,1
399,P3,9
632,P3,3
950,P4,1
751,P4,8
178,P3,8
494,P2,6
662,P2,3
320,P3,4
926,P3,7
914,P3,4
733,P4,1
824,P2,7
665,P4,9
883,P2,1
600,P3,5
680,P4,8
290,P4,7
949,P2,3
598,P2,9
619,P2,8
548,P4,9
670,P4,5
860,P2,8
690,P4,1
184,P3,7
502,P4,6
85,P4,4
321,P4,9
903,P4,2
237,P4,5
541,P2,6
905,P4,2
459,P3,1
386,P3,3
349,P4,6
901,P2,9
133,P3,3
453,P4,5
703,P2,7
323,P3,3
294,P3,3
417,P3,2
409,P4,5
496,P2,4
625,P4,9
97,P3,2
430,P4,7
61,P2,2
364,P2,7
489,P4,2
235,P4,4
356,P4,4
423,P3,2
842,P2,7
355,P4,4
964,P4,6
396,P3,3
240,P2,5
561,P4,8
954,P4,3
724,P4,2
114,P3,1
80,P3,7
212,P2,9
172,P4,7
980,P4,7
817,P4,6
548,P2,2
579,P2,1
680,P4,4
2,P2,6
756,P2,8
317,P3,2
760,P2,2
607,P3,3
995,P4,8
193,P2,5
843,P3,6
963,P2,3
748,P4,5
384,P4,2
681,P3,7
90,P4,9
472,P3,7
633,P3,2
77,P3,1
578,P2,7
303,P4,4
836,P2,4
201,P4,2
603,P4,5
669,P4,8
843,P3,9
607,P3,7
981,P4,5
654,P2,2
